pair,stake_amount,max_stake_amount,amount,open_date,close_date,open_rate,close_rate,fee_open,fee_close,trade_duration,profit_ratio,profit_abs,exit_reason,initial_stop_loss_abs,initial_stop_loss_ratio,stop_loss_abs,stop_loss_ratio,min_rate,max_rate,is_open,enter_tag,leverage,is_short,open_timestamp,close_timestamp,orders,funding_fees
XRP/USDT,5.52052,5.52052,7.9,2022-01-21 02:00:00+00:00,2022-01-21 02:05:00+00:00,0.6988,0.7056,0.001,0.001,5,0.007713522882383788,0.04262524,take_profit_1.5R,0.6639,-0.05,0.6639,-0.05,0.697,0.7082,False,hammer_rebond,1.0,False,1642730400000,1642730700000,"[{'amount': 7.9, 'safe_price': 0.6988, 'ft_order_side': 'buy', 'order_filled_timestamp': 1642730400000, 'ft_is_entry': True, 'ft_order_tag': 'hammer_rebond', 'cost': 5.52604052}, {'amount': 7.9, 'safe_price': 0.7056, 'ft_order_side': 'sell', 'order_filled_timestamp': 1642730700000, 'ft_is_entry': False, 'ft_order_tag': 'take_profit_1.5R', 'cost': 5.57981424}]",0.0
LTC/USDT,494.9808,494.9808,4.084,2022-02-05 17:00:00+00:00,2022-02-05 17:05:00+00:00,121.2,120.06202933309595,0.001,0.001,5,-0.011368439282552316,-5.63278633,stop_loss,115.14,-0.05,120.06202933309595,-0.009389196921650633,119.9,121.7,False,hammer_rebond,1.0,False,1644080400000,1644080700000,"[{'amount': 4.084, 'safe_price': 121.2, 'ft_order_side': 'buy', 'order_filled_timestamp': 1644080400000, 'ft_is_entry': True, 'ft_order_tag': 'hammer_rebond', 'cost': 495.47578079999994}, {'amount': 4.084, 'safe_price': 120.06202933309595, 'ft_order_side': 'sell', 'order_filled_timestamp': 1644080700000, 'ft_is_entry': False, 'ft_order_tag': 'stop_loss', 'cost': 490.8236611241601}]",0.0
BTC/USDT,491.869902,491.869902,0.0118,2022-02-05 19:00:00+00:00,2022-02-07 15:35:00+00:00,41683.89,43546.83,0.001,0.001,2675,0.04260478919589084,20.9769695,take_profit_1.5R,39599.695499999994,-0.05,40554.887102439556,-0.027084873738042248,41116.56,43777.0,False,hammer_rebond,1.0,False,1644087600000,1644248100000,"[{'amount': 0.0118, 'safe_price': 41683.89, 'ft_order_side': 'buy', 'order_filled_timestamp': 1644087600000, 'ft_is_entry': True, 'ft_order_tag': 'hammer_rebond', 'cost': 492.36177190199993}, {'amount': 0.0118, 'safe_price': 43546.83, 'ft_order_side': 'sell', 'order_filled_timestamp': 1644248100000, 'ft_is_entry': False, 'ft_order_tag': 'take_profit_1.5R', 'cost': 514.3664465939999}]",0.0
XRP/USDT,502.6081,502.6081,641.0,2022-02-07 19:00:00+00:00,2022-02-07 22:25:00+00:00,0.7841,0.8313,0.001,0.001,205,0.05807812898745178,29.2197286,take_profit_1.5R,0.7449,-0.05,0.755,-0.03716515311260005,0.7801,0.8349,False,hammer_rebond,1.0,False,1644260400000,1644272700000,"[{'amount': 641.0, 'safe_price': 0.7841, 'ft_order_side': 'buy', 'order_filled_timestamp': 1644260400000, 'ft_is_entry': True, 'ft_order_tag': 'hammer_rebond', 'cost': 503.11070809999995}, {'amount': 641.0, 'safe_price': 0.8313, 'ft_order_side': 'sell', 'order_filled_timestamp': 1644272700000, 'ft_is_entry': False, 'ft_order_tag': 'take_profit_1.5R', 'cost': 533.3961632999999}]",0.0
XRP/USDT,517.07,517.07,580.0,2022-02-09 20:00:00+00:00,2022-02-09 23:55:00+00:00,0.8915,0.8605,0.001,0.001,235,-0.03670138050396042,-18.99616,stop_loss,0.847,-0.05,0.8605,-0.03487513591448832,0.8605,0.9041,False,hammer_rebond,1.0,False,1644436800000,1644450900000,"[{'amount': 580.0, 'safe_price': 0.8915, 'ft_order_side': 'buy', 'order_filled_timestamp': 1644436800000, 'ft_is_entry': True, 'ft_order_tag': 'hammer_rebond', 'cost': 517.5870699999999}, {'amount': 580.0, 'safe_price': 0.8605, 'ft_order_side': 'sell', 'order_filled_timestamp': 1644450900000, 'ft_is_entry': False, 'ft_order_tag': 'stop_loss', 'cost': 499.58909}]",0.0
BNB/USDT,507.5508,507.5508,1.182,2022-02-15 20:00:00+00:00,2022-02-17 13:20:00+00:00,429.4,419.5365556139505,0.001,0.001,2480,-0.02492240162977752,-12.66203427,stop_loss,407.92999999999995,-0.05,419.5365556139505,-0.022970294331740804,418.5,434.0,False,hammer_rebond,1.0,False,1644955200000,1645104000000,"[{'amount': 1.182, 'safe_price': 429.4, 'ft_order_side': 'buy', 'order_filled_timestamp': 1644955200000, 'ft_is_entry': True, 'ft_order_tag': 'hammer_rebond', 'cost': 508.05835079999986}, {'amount': 1.182, 'safe_price': 419.5365556139505, 'ft_order_side': 'sell', 'order_filled_timestamp': 1645104000000, 'ft_is_entry': False, 'ft_order_tag': 'stop_loss', 'cost': 496.3881009444251}]",0.0
ETH/USDT,501.361916,501.361916,0.1727,2022-03-01 12:00:00+00:00,2022-03-01 13:55:00+00:00,2903.08,3026.59,0.001,0.001,115,0.04046146407507975,20.30612299,take_profit_1.5R,2757.926,-0.05,2827.414527570365,-0.026063860599651045,2899.39,3033.33,False,hammer_rebond,1.0,False,1646136000000,1646142900000,"[{'amount': 0.1727, 'safe_price': 2903.08, 'ft_order_side': 'buy', 'order_filled_timestamp': 1646136000000, 'ft_is_entry': True, 'ft_order_tag': 'hammer_rebond', 'cost': 501.8632779159999}, {'amount': 0.1727, 'safe_price': 3026.59, 'ft_order_side': 'sell', 'order_filled_timestamp': 1646142900000, 'ft_is_entry': False, 'ft_order_tag': 'take_profit_1.5R', 'cost': 523.2147850929999}]",0.0
LTC/USDT,501.304,501.304,4.496,2022-03-01 12:00:00+00:00,2022-03-03 17:25:00+00:00,111.5,108.29654139400274,0.001,0.001,3205,-0.030671168712875944,-15.39095514,stop_loss,105.925,-0.05,108.29654139400274,-0.028730570457374482,107.9,115.9,False,hammer_rebond,1.0,False,1646136000000,1646328300000,"[{'amount': 4.496, 'safe_price': 111.5, 'ft_order_side': 'buy', 'order_filled_timestamp': 1646136000000, 'ft_is_entry': True, 'ft_order_tag': 'hammer_rebond', 'cost': 501.805304}, {'amount': 4.496, 'safe_price': 108.29654139400274, 'ft_order_side': 'sell', 'order_filled_timestamp': 1646328300000, 'ft_is_entry': False, 'ft_order_tag': 'stop_loss', 'cost': 487.3881513575438}]",0.0
XRP/USDT,503.78123,503.78123,703.9,2022-04-12 14:00:00+00:00,2022-04-12 19:05:00+00:00,0.7157,0.695,0.001,0.001,305,-0.03086294730838534,-15.56372173,stop_loss,0.68,-0.05,0.695,-0.029025279050894914,0.6942,0.716,False,hammer_rebond,1.0,False,1649772000000,1649790300000,"[{'amount': 703.9, 'safe_price': 0.7157, 'ft_order_side': 'buy', 'order_filled_timestamp': 1649772000000, 'ft_is_entry': True, 'ft_order_tag': 'hammer_rebond', 'cost': 504.28501122999995}, {'amount': 703.9, 'safe_price': 0.695, 'ft_order_side': 'sell', 'order_filled_timestamp': 1649790300000, 'ft_is_entry': False, 'ft_order_tag': 'stop_loss', 'cost': 489.6997104999999}]",0.0
LTC/USDT,496.0661,496.0661,4.897,2022-04-28 16:00:00+00:00,2022-04-29 18:45:00+00:00,101.3,98.87797038317048,0.001,0.001,1605,-0.025859703832961833,-12.84095055,stop_loss,96.235,-0.05,98.87797038317048,-0.023909473019047556,98.5,105.8,False,hammer_rebond,1.0,False,1651161600000,1651257900000,"[{'amount': 4.897, 'safe_price': 101.3, 'ft_order_side': 'buy', 'order_filled_timestamp': 1651161600000, 'ft_is_entry': True, 'ft_order_tag': 'hammer_rebond', 'cost': 496.56216609999996}, {'amount': 4.897, 'safe_price': 98.87797038317048, 'ft_order_side': 'sell', 'order_filled_timestamp': 1651257900000, 'ft_is_entry': False, 'ft_order_tag': 'stop_loss', 'cost': 484.6896263873522}]",0.0
XRP/USDT,489.73226,489.73226,953.9,2022-05-10 17:00:00+00:00,2022-05-10 21:40:00+00:00,0.5134,0.4984,0.001,0.001,280,-0.031156611211149585,-15.27365602,stop_loss,0.4878,-0.05,0.4984,-0.029406410855772558,0.498,0.5254,False,hammer_rebond,1.0,False,1652202000000,1652218800000,"[{'amount': 953.9, 'safe_price': 0.5134, 'ft_order_side': 'buy', 'order_filled_timestamp': 1652202000000, 'ft_is_entry': True, 'ft_order_tag': 'hammer_rebond', 'cost': 490.22199225999987}, {'amount': 953.9, 'safe_price': 0.4984, 'ft_order_side': 'sell', 'order_filled_timestamp': 1652218800000, 'ft_is_entry': False, 'ft_order_tag': 'stop_loss', 'cost': 475.89918375999997}]",0.0
XRP/USDT,482.18598,482.18598,1130.3,2022-05-13 20:00:00+00:00,2022-05-14 11:10:00+00:00,0.4266,0.4105,0.001,0.001,910,-0.03966286877679282,-19.14400413,stop_loss,0.4053,-0.05,0.4105,-0.037914483442616276,0.4078,0.4413,False,hammer_rebond,1.0,False,1652472000000,1652526600000,"[{'amount': 1130.3, 'safe_price': 0.4266, 'ft_order_side': 'buy', 'order_filled_timestamp': 1652472000000, 'ft_is_entry': True, 'ft_order_tag': 'hammer_rebond', 'cost': 482.6681659799999}, {'amount': 1130.3, 'safe_price': 0.4105, 'ft_order_side': 'sell', 'order_filled_timestamp': 1652526600000, 'ft_is_entry': False, 'ft_order_tag': 'stop_loss', 'cost': 464.4521381499999}]",0.0
BNB/USDT,331.858,331.858,1.46,2022-06-14 16:00:00+00:00,2022-06-15 04:05:00+00:00,227.3,214.35676376244655,0.001,0.001,725,-0.05882763518927179,-19.54194378,stop_loss,215.935,-0.05,214.35676376244655,-0.05694340623648686,214.3,228.4,False,hammer_rebond,1.0,False,1655222400000,1655265900000,"[{'amount': 1.46, 'safe_price': 227.3, 'ft_order_side': 'buy', 'order_filled_timestamp': 1655222400000, 'ft_is_entry': True, 'ft_order_tag': 'hammer_rebond', 'cost': 332.18985799999996}, {'amount': 1.46, 'safe_price': 214.35676376244655, 'ft_order_side': 'sell', 'order_filled_timestamp': 1655265900000, 'ft_is_entry': False, 'ft_order_tag': 'stop_loss', 'cost': 313.27383596826513}]",0.0
LTC/USDT,284.61837,284.61837,6.243,2022-06-14 16:00:00+00:00,2022-06-15 08:00:00+00:00,45.59,42.56137754675275,0.001,0.001,960,-0.06829699871287453,-19.45801903,stop_loss,43.310500000000005,-0.05,42.56137754675275,-0.06643172742371684,42.32,46.68,False,hammer_rebond,1.0,False,1655222400000,1655280000000,"[{'amount': 6.243, 'safe_price': 45.59, 'ft_order_side': 'buy', 'order_filled_timestamp': 1655222400000, 'ft_is_entry': True, 'ft_order_tag': 'hammer_rebond', 'cost': 284.90298837}, {'amount': 6.243, 'safe_price': 42.56137754675275, 'ft_order_side': 'sell', 'order_filled_timestamp': 1655280000000, 'ft_is_entry': False, 'ft_order_tag': 'stop_loss', 'cost': 265.9763907044018}]",0.0
XRP/USDT,452.24427,452.24427,1430.7,2022-06-19 17:00:00+00:00,2022-06-21 14:50:00+00:00,0.3161,0.3364,0.001,0.001,2750,0.062093869433318974,28.10967825,take_profit_1.5R,0.3003,-0.05,0.3035,-0.0401033292616505,0.3135,0.3374,False,hammer_rebond,1.0,False,1655658000000,1655823000000,"[{'amount': 1430.7, 'safe_price': 0.3161, 'ft_order_side': 'buy', 'order_filled_timestamp': 1655658000000, 'ft_is_entry': True, 'ft_order_tag': 'hammer_rebond', 'cost': 452.69651426999997}, {'amount': 1430.7, 'safe_price': 0.3364, 'ft_order_side': 'sell', 'order_filled_timestamp': 1655823000000, 'ft_is_entry': False, 'ft_order_tag': 'take_profit_1.5R', 'cost': 481.7687674799999}]",0.0
ETH/USDT,467.279282,467.279282,0.4414,2022-07-03 06:00:00+00:00,2022-07-04 12:05:00+00:00,1058.63,1106.47,0.001,0.001,1805,0.04310218936670105,20.16090086,take_profit_1.5R,1005.6985000000001,-0.05,1031.2649199005086,-0.025849522590037588,1040.97,1110.03,False,hammer_rebond,1.0,False,1656828000000,1656936300000,"[{'amount': 0.4414, 'safe_price': 1058.63, 'ft_order_side': 'buy', 'order_filled_timestamp': 1656828000000, 'ft_is_entry': True, 'ft_order_tag': 'hammer_rebond', 'cost': 467.746561282}, {'amount': 0.4414, 'safe_price': 1106.47, 'ft_order_side': 'sell', 'order_filled_timestamp': 1656936300000, 'ft_is_entry': False, 'ft_order_tag': 'take_profit_1.5R', 'cost': 488.88425385799997}]",0.0
ETH/USDT,281.75609,281.75609,0.2642,2022-07-13 15:00:00+00:00,2022-07-14 17:55:00+00:00,1066.45,1192.18,0.001,0.001,1615,0.11566226448769006,32.62113595,take_profit_1.5R,1013.1274999999999,-0.05,994.1862712281974,-0.06776100967865595,1049.21,1199.95,False,hammer_rebond,1.0,False,1657724400000,1657821300000,"[{'amount': 0.2642, 'safe_price': 1066.45, 'ft_order_side': 'buy', 'order_filled_timestamp': 1657724400000, 'ft_is_entry': True, 'ft_order_tag': 'hammer_rebond', 'cost': 282.03784609}, {'amount': 0.2642, 'safe_price': 1192.18, 'ft_order_side': 'sell', 'order_filled_timestamp': 1657821300000, 'ft_is_entry': False, 'ft_order_tag': 'take_profit_1.5R', 'cost': 315.28892995599995}]",0.0
BTC/USDT,444.1469933,444.1469933,0.02269,2022-07-13 15:00:00+00:00,2022-07-15 08:35:00+00:00,19574.57,20878.9,0.001,0.001,2495,0.06450276640933812,28.67735847,take_profit_1.5R,18595.8415,-0.05,18733.34336459879,-0.042975484794874674,19230.0,20936.0,False,hammer_rebond,1.0,False,1657724400000,1657874100000,"[{'amount': 0.02269, 'safe_price': 19574.57, 'ft_order_side': 'buy', 'order_filled_timestamp': 1657724400000, 'ft_is_entry': True, 'ft_order_tag': 'hammer_rebond', 'cost': 444.59114029329993}, {'amount': 0.02269, 'safe_price': 20878.9, 'ft_order_side': 'sell', 'order_filled_timestamp': 1657874100000, 'ft_is_entry': False, 'ft_order_tag': 'take_profit_1.5R', 'cost': 474.21598324099995}]",0.0
LTC/USDT,507.6192,507.6192,8.74,2022-07-18 14:00:00+00:00,2022-07-18 17:55:00+00:00,58.08,56.572259461705904,0.001,0.001,235,-0.027905854432806132,-14.17971305,stop_loss,55.175999999999995,-0.05,56.572259461705904,-0.025959720011950682,56.5,59.56,False,hammer_rebond,1.0,False,1658152800000,1658166900000,"[{'amount': 8.74, 'safe_price': 58.08, 'ft_order_side': 'buy', 'order_filled_timestamp': 1658152800000, 'ft_is_entry': True, 'ft_order_tag': 'hammer_rebond', 'cost': 508.12681919999994}, {'amount': 8.74, 'safe_price': 56.572259461705904, 'ft_order_side': 'sell', 'order_filled_timestamp': 1658166900000, 'ft_is_entry': False, 'ft_order_tag': 'stop_loss', 'cost': 494.9359892430049}]",0.0
ETH/USDT,232.466112,232.466112,0.1728,2022-07-16 22:00:00+00:00,2022-07-18 23:05:00+00:00,1345.29,1524.58,0.001,0.001,2945,0.13100809943637512,30.48539846,take_profit_1.5R,1278.0255,-0.05,1227.797485802172,-0.08733619829020345,1319.04,1550.0,False,hammer_rebond,1.0,False,1658008800000,1658185500000,"[{'amount': 0.1728, 'safe_price': 1345.29, 'ft_order_side': 'buy', 'order_filled_timestamp': 1658008800000, 'ft_is_entry': True, 'ft_order_tag': 'hammer_rebond', 'cost': 232.69857811199998}, {'amount': 0.1728, 'safe_price': 1524.58, 'ft_order_side': 'sell', 'order_filled_timestamp': 1658185500000, 'ft_is_entry': False, 'ft_order_tag': 'take_profit_1.5R', 'cost': 263.710871424}]",0.0
LTC/USDT,515.73144,515.73144,8.132,2022-07-29 02:00:00+00:00,2022-07-29 08:10:00+00:00,63.42,61.64132201826468,0.001,0.001,370,-0.02998797645092624,-15.48120802,stop_loss,60.249,-0.05,61.64132201826468,-0.028046010434174096,61.58,64.58,False,hammer_rebond,1.0,False,1659060000000,1659082200000,"[{'amount': 8.132, 'safe_price': 63.42, 'ft_order_side': 'buy', 'order_filled_timestamp': 1659060000000, 'ft_is_entry': True, 'ft_order_tag': 'hammer_rebond', 'cost': 516.24717144}, {'amount': 8.132, 'safe_price': 61.64132201826468, 'ft_order_side': 'sell', 'order_filled_timestamp': 1659082200000, 'ft_is_entry': False, 'ft_order_tag': 'stop_loss', 'cost': 501.7684978831808}]",0.0
LTC/USDT,508.0713,508.0713,9.57,2022-09-21 20:00:00+00:00,2022-09-21 21:10:00+00:00,53.09,51.70942922894756,0.001,0.001,70,-0.02795039205712275,-14.21499282,stop_loss,50.4355,-0.05,51.70942922894756,-0.026004346789460175,51.64,53.42,False,hammer_rebond,1.0,False,1663790400000,1663794600000,"[{'amount': 9.57, 'safe_price': 53.09, 'ft_order_side': 'buy', 'order_filled_timestamp': 1663790400000, 'ft_is_entry': True, 'ft_order_tag': 'hammer_rebond', 'cost': 508.5793713}, {'amount': 9.57, 'safe_price': 51.70942922894756, 'ft_order_side': 'sell', 'order_filled_timestamp': 1663794600000, 'ft_is_entry': False, 'ft_order_tag': 'stop_loss', 'cost': 495.35409695874915}]",0.0
BNB/USDT,507.872,507.872,1.888,2022-09-21 20:00:00+00:00,2022-09-21 22:15:00+00:00,269.0,260.5478471908483,0.001,0.001,135,-0.03335586590650859,-16.95745084,stop_loss,255.54999999999998,-0.05,260.5478471908483,-0.031420642413203304,260.3,269.7,False,hammer_rebond,1.0,False,1663790400000,1663798500000,"[{'amount': 1.888, 'safe_price': 269.0, 'ft_order_side': 'buy', 'order_filled_timestamp': 1663790400000, 'ft_is_entry': True, 'ft_order_tag': 'hammer_rebond', 'cost': 508.3798719999999}, {'amount': 1.888, 'safe_price': 260.5478471908483, 'ft_order_side': 'sell', 'order_filled_timestamp': 1663798500000, 'ft_is_entry': False, 'ft_order_tag': 'stop_loss', 'cost': 492.40624983181783}]",0.0
BTC/USDT,492.6407325,492.6407325,0.02373,2022-11-04 14:00:00+00:00,2022-11-08 03:50:00+00:00,20760.25,20243.136755961074,0.001,0.001,5150,-0.02685704997652985,-13.24410765,stop_loss,19722.2375,-0.05,20243.136755961074,-0.02490881583983462,20219.53,21480.65,False,hammer_rebond,1.0,False,1667570400000,1667879400000,"[{'amount': 0.02373, 'safe_price': 20760.25, 'ft_order_side': 'buy', 'order_filled_timestamp': 1667570400000, 'ft_is_entry': True, 'ft_order_tag': 'hammer_rebond', 'cost': 493.13337323249993}, {'amount': 0.02373, 'safe_price': 20243.136755961074, 'ft_order_side': 'sell', 'order_filled_timestamp': 1667879400000, 'ft_is_entry': False, 'ft_order_tag': 'stop_loss', 'cost': 480.8500048541752}]",0.0
BNB/USDT,143.034,143.034,0.465,2022-11-10 16:00:00+00:00,2022-11-17 09:30:00+00:00,307.6,265.81127169640655,0.001,0.001,9690,-0.13758068839448093,-19.6983949,stop_loss,292.22,-0.05,265.81127169640655,-0.13585412322364587,265.7,313.0,False,hammer_rebond,1.0,False,1668096000000,1668677400000,"[{'amount': 0.465, 'safe_price': 307.6, 'ft_order_side': 'buy', 'order_filled_timestamp': 1668096000000, 'ft_is_entry': True, 'ft_order_tag': 'hammer_rebond', 'cost': 143.177034}, {'amount': 0.465, 'safe_price': 265.81127169640655, 'ft_order_side': 'sell', 'order_filled_timestamp': 1668677400000, 'ft_is_entry': False, 'ft_order_tag': 'stop_loss', 'cost': 123.72584358016786}]",0.0
BTC/USDT,294.7151634,294.7151634,0.01758,2022-11-14 09:00:00+00:00,2022-11-21 19:30:00+00:00,16764.23,15658.616207736068,0.001,0.001,10710,-0.06781699717116559,-20.0066841,stop_loss,15926.018499999998,-0.05,15658.616207736068,-0.06595076494798335,15639.77,17190.0,False,hammer_rebond,1.0,False,1668416400000,1669059000000,"[{'amount': 0.01758, 'safe_price': 16764.23, 'ft_order_side': 'buy', 'order_filled_timestamp': 1668416400000, 'ft_is_entry': True, 'ft_order_tag': 'hammer_rebond', 'cost': 295.0098785633999}, {'amount': 0.01758, 'safe_price': 15658.616207736068, 'ft_order_side': 'sell', 'order_filled_timestamp': 1669059000000, 'ft_is_entry': False, 'ft_order_tag': 'stop_loss', 'cost': 275.55375140493203}]",0.0
XRP/USDT,183.9405,183.9405,493.8,2022-11-14 23:00:00+00:00,2022-12-19 18:50:00+00:00,0.3725,0.3332,0.001,0.001,50150,-0.1072905617872061,-19.75481466,stop_loss,0.3539,-0.05,0.3332,-0.10568737563539221,0.332,0.4194,False,hammer_rebond,1.0,False,1668466800000,1671475800000,"[{'amount': 493.8, 'safe_price': 0.3725, 'ft_order_side': 'buy', 'order_filled_timestamp': 1668466800000, 'ft_is_entry': True, 'ft_order_tag': 'hammer_rebond', 'cost': 184.1244405}, {'amount': 493.8, 'safe_price': 0.3332, 'ft_order_side': 'sell', 'order_filled_timestamp': 1671475800000, 'ft_is_entry': False, 'ft_order_tag': 'stop_loss', 'cost': 164.69869416}]",0.0
ETH/USDT,456.5586,456.5586,0.3306,2023-01-12 15:00:00+00:00,2023-01-12 17:40:00+00:00,1381.0,1431.46,0.001,0.001,160,0.03446773356108105,15.75227672,take_profit_1.5R,1311.95,-0.05,1352.4409805686414,-0.020679956141461675,1379.96,1432.79,False,hammer_rebond,1.0,False,1673535600000,1673545200000,"[{'amount': 0.3306, 'safe_price': 1381.0, 'ft_order_side': 'buy', 'order_filled_timestamp': 1673535600000, 'ft_is_entry': True, 'ft_order_tag': 'hammer_rebond', 'cost': 457.01515859999995}, {'amount': 0.3306, 'safe_price': 1431.46, 'ft_order_side': 'sell', 'order_filled_timestamp': 1673545200000, 'ft_is_entry': False, 'ft_order_tag': 'take_profit_1.5R', 'cost': 473.71391667599994}]",0.0
BNB/USDT,456.5808,456.5808,1.626,2023-01-12 15:00:00+00:00,2023-01-12 21:00:00+00:00,280.8,288.3,0.001,0.001,360,0.024658034273418887,11.2696434,take_profit_1.5R,266.76,-0.05,276.5717062005161,-0.015058026351438492,280.6,288.6,False,hammer_rebond,1.0,False,1673535600000,1673557200000,"[{'amount': 1.626, 'safe_price': 280.8, 'ft_order_side': 'buy', 'order_filled_timestamp': 1673535600000, 'ft_is_entry': True, 'ft_order_tag': 'hammer_rebond', 'cost': 457.03738079999994}, {'amount': 1.626, 'safe_price': 288.3, 'ft_order_side': 'sell', 'order_filled_timestamp': 1673557200000, 'ft_is_entry': False, 'ft_order_tag': 'take_profit_1.5R', 'cost': 469.24457579999995}]",0.0
XRP/USDT,366.94825,366.94825,934.9,2023-01-14 12:00:00+00:00,2023-01-18 16:20:00+00:00,0.3925,0.3724,0.001,0.001,6020,-0.05310587501670305,-19.50659501,stop_loss,0.3729,-0.05,0.3724,-0.05123737905410253,0.3655,0.4064,False,hammer_rebond,1.0,False,1673697600000,1674058800000,"[{'amount': 934.9, 'safe_price': 0.3925, 'ft_order_side': 'buy', 'order_filled_timestamp': 1673697600000, 'ft_is_entry': True, 'ft_order_tag': 'hammer_rebond', 'cost': 367.31519825}, {'amount': 934.9, 'safe_price': 0.3724, 'ft_order_side': 'sell', 'order_filled_timestamp': 1674058800000, 'ft_is_entry': False, 'ft_order_tag': 'stop_loss', 'cost': 348.50491675999996}]",0.0
BTC/USDT,457.9985196,457.9985196,0.01943,2023-02-01 21:00:00+00:00,2023-02-09 03:05:00+00:00,23571.72,22624.031874006065,0.001,0.001,10445,-0.0421221271522247,-19.31116375,stop_loss,22393.134000000002,-0.05,22624.031874006065,-0.040204453726496725,22424.48,24255.0,False,hammer_rebond,1.0,False,1675285200000,1675911900000,"[{'amount': 0.01943, 'safe_price': 23571.72, 'ft_order_side': 'buy', 'order_filled_timestamp': 1675285200000, 'ft_is_entry': True, 'ft_order_tag': 'hammer_rebond', 'cost': 458.45651811959993}, {'amount': 0.01943, 'safe_price': 22624.031874006065, 'ft_order_side': 'sell', 'order_filled_timestamp': 1675911900000, 'ft_is_entry': False, 'ft_order_tag': 'stop_loss', 'cost': 440.0245242512497}]",0.0
BTC/USDT,450.827204,450.827204,0.01835,2023-02-18 00:00:00+00:00,2023-02-20 01:15:00+00:00,24568.24,23843.39005035335,0.001,0.001,2955,-0.03144258973153008,-14.18934999,stop_loss,23339.828,-0.05,23843.39005035335,-0.029503535851434615,23840.83,25192.0,False,hammer_rebond,1.0,False,1676678400000,1676855700000,"[{'amount': 0.01835, 'safe_price': 24568.24, 'ft_order_side': 'buy', 'order_filled_timestamp': 1676678400000, 'ft_is_entry': True, 'ft_order_tag': 'hammer_rebond', 'cost': 451.278031204}, {'amount': 0.01835, 'safe_price': 23843.39005035335, 'ft_order_side': 'sell', 'order_filled_timestamp': 1676855700000, 'ft_is_entry': False, 'ft_order_tag': 'stop_loss', 'cost': 437.963733631408}]",0.0
XRP/USDT,443.78642,443.78642,1150.6,2023-03-21 09:00:00+00:00,2023-03-21 13:20:00+00:00,0.3857,0.4043,0.001,0.001,260,0.0461296546336733,20.492186,take_profit_1.5R,0.3665,-0.05,0.3748,-0.02842107648152825,0.3852,0.4155,False,hammer_rebond,1.0,False,1679389200000,1679404800000,"[{'amount': 1150.6, 'safe_price': 0.3857, 'ft_order_side': 'buy', 'order_filled_timestamp': 1679389200000, 'ft_is_entry': True, 'ft_order_tag': 'hammer_rebond', 'cost': 444.2302064199999}, {'amount': 1150.6, 'safe_price': 0.4043, 'ft_order_side': 'sell', 'order_filled_timestamp': 1679404800000, 'ft_is_entry': False, 'ft_order_tag': 'take_profit_1.5R', 'cost': 465.65276757999993}]",0.0
BTC/USDT,443.5527537,443.5527537,0.01623,2023-03-18 02:00:00+00:00,2023-03-30 02:35:00+00:00,27329.19,29032.99,0.001,0.001,17315,0.06022103209272583,26.73791582,take_profit_1.5R,25962.730499999998,-0.05,26308.64433872234,-0.03734269699459292,26508.14,29160.0,False,hammer_rebond,1.0,False,1679104800000,1680143700000,"[{'amount': 0.01623, 'safe_price': 27329.19, 'ft_order_side': 'buy', 'order_filled_timestamp': 1679104800000, 'ft_is_entry': True, 'ft_order_tag': 'hammer_rebond', 'cost': 443.9963064537}, {'amount': 0.01623, 'safe_price': 29032.99, 'ft_order_side': 'sell', 'order_filled_timestamp': 1680143700000, 'ft_is_entry': False, 'ft_order_tag': 'take_profit_1.5R', 'cost': 471.67663312770003}]",0.0
LTC/USDT,384.2025,384.2025,4.125,2023-04-03 23:00:00+00:00,2023-04-16 15:40:00+00:00,93.14,100.99,0.001,0.001,18280,0.08211532937751534,31.58046375,take_profit_1.5R,88.48299999999999,-0.05,88.61062591120681,-0.04862974112940943,89.03,101.29,False,hammer_rebond,1.0,False,1680562800000,1681659600000,"[{'amount': 4.125, 'safe_price': 93.14, 'ft_order_side': 'buy', 'order_filled_timestamp': 1680562800000, 'ft_is_entry': True, 'ft_order_tag': 'hammer_rebond', 'cost': 384.58670249999994}, {'amount': 4.125, 'safe_price': 100.99, 'ft_order_side': 'sell', 'order_filled_timestamp': 1681659600000, 'ft_is_entry': False, 'ft_order_tag': 'take_profit_1.5R', 'cost': 417.0003337499999}]",0.0
LTC/USDT,317.1025,317.1025,3.575,2023-04-26 22:00:00+00:00,2023-05-06 14:05:00+00:00,88.7,83.29894077177676,0.001,0.001,13925,-0.06276765137717039,-19.92368295,stop_loss,84.265,-0.05,83.29894077177676,-0.060891310352009564,80.56,91.64,False,hammer_rebond,1.0,False,1682546400000,1683381900000,"[{'amount': 3.575, 'safe_price': 88.7, 'ft_order_side': 'buy', 'order_filled_timestamp': 1682546400000, 'ft_is_entry': True, 'ft_order_tag': 'hammer_rebond', 'cost': 317.4196025}, {'amount': 3.575, 'safe_price': 83.29894077177676, 'ft_order_side': 'sell', 'order_filled_timestamp': 1683381900000, 'ft_is_entry': False, 'ft_order_tag': 'stop_loss', 'cost': 298.091506972361}]",0.0
BTC/USDT,321.18968,321.18968,0.0112,2023-04-26 22:00:00+00:00,2023-05-10 17:20:00+00:00,28677.65,26954.67338180779,0.001,0.001,19880,-0.061958776603188596,-19.92042015,stop_loss,27243.7675,-0.05,26954.67338180779,-0.06008081618236549,26777.0,29969.39,False,hammer_rebond,1.0,False,1682546400000,1683739200000,"[{'amount': 0.0112, 'safe_price': 28677.65, 'ft_order_side': 'buy', 'order_filled_timestamp': 1682546400000, 'ft_is_entry': True, 'ft_order_tag': 'hammer_rebond', 'cost': 321.51086968}, {'amount': 0.0112, 'safe_price': 26954.67338180779, 'ft_order_side': 'sell', 'order_filled_timestamp': 1683739200000, 'ft_is_entry': False, 'ft_order_tag': 'stop_loss', 'cost': 302.1942342181234}]",0.0
ETH/USDT,327.131922,327.131922,0.1742,2023-04-26 22:00:00+00:00,2023-05-12 02:55:00+00:00,1877.91,1767.0675306600133,0.001,0.001,21895,-0.06090444897196383,-19.94371324,stop_loss,1784.0145,-0.05,1767.0675306600133,-0.05902437781362624,1760.0,2019.0,False,hammer_rebond,1.0,False,1682546400000,1683860100000,"[{'amount': 0.1742, 'safe_price': 1877.91, 'ft_order_side': 'buy', 'order_filled_timestamp': 1682546400000, 'ft_is_entry': True, 'ft_order_tag': 'hammer_rebond', 'cost': 327.45905392199995}, {'amount': 0.1742, 'safe_price': 1767.0675306600133, 'ft_order_side': 'sell', 'order_filled_timestamp': 1683860100000, 'ft_is_entry': False, 'ft_order_tag': 'stop_loss', 'cost': 308.13098700481527}]",0.0
LTC/USDT,453.16132,453.16132,4.804,2023-06-02 02:00:00+00:00,2023-06-05 13:00:00+00:00,94.33,91.85200399884482,0.001,0.001,4980,-0.028214952712171497,-12.79871114,stop_loss,89.61349999999999,-0.05,91.85200399884482,-0.02626943709482854,91.72,97.56,False,hammer_rebond,1.0,False,1685671200000,1685970000000,"[{'amount': 4.804, 'safe_price': 94.33, 'ft_order_side': 'buy', 'order_filled_timestamp': 1685671200000, 'ft_is_entry': True, 'ft_order_tag': 'hammer_rebond', 'cost': 453.6144813199999}, {'amount': 4.804, 'safe_price': 91.85200399884482, 'ft_order_side': 'sell', 'order_filled_timestamp': 1685970000000, 'ft_is_entry': False, 'ft_order_tag': 'stop_loss', 'cost': 441.6982842376609}]",0.0
XRP/USDT,446.8672,446.8672,838.4,2023-06-07 12:00:00+00:00,2023-06-07 15:55:00+00:00,0.533,0.5134,0.001,0.001,235,-0.03869751261871337,-17.30994176,stop_loss,0.5064,-0.05,0.5134,-0.036792357624069294,0.5129,0.5338,False,hammer_rebond,1.0,False,1686139200000,1686153300000,"[{'amount': 838.4, 'safe_price': 0.533, 'ft_order_side': 'buy', 'order_filled_timestamp': 1686139200000, 'ft_is_entry': True, 'ft_order_tag': 'hammer_rebond', 'cost': 447.31406719999995}, {'amount': 838.4, 'safe_price': 0.5134, 'ft_order_side': 'sell', 'order_filled_timestamp': 1686153300000, 'ft_is_entry': False, 'ft_order_tag': 'stop_loss', 'cost': 430.86499455999996}]",0.0
XRP/USDT,168.15304,168.15304,214.7,2023-07-14 04:00:00+00:00,2023-07-14 17:55:00+00:00,0.7832,0.7016,0.001,0.001,835,-0.10597778115653499,-17.83830656,stop_loss,0.7441,-0.05,0.7016,-0.1042496331842554,0.7011,0.8197,False,hammer_rebond,1.0,False,1689307200000,1689357300000,"[{'amount': 214.7, 'safe_price': 0.7832, 'ft_order_side': 'buy', 'order_filled_timestamp': 1689307200000, 'ft_is_entry': True, 'ft_order_tag': 'hammer_rebond', 'cost': 168.32119304}, {'amount': 214.7, 'safe_price': 0.7016, 'ft_order_side': 'sell', 'order_filled_timestamp': 1689357300000, 'ft_is_entry': False, 'ft_order_tag': 'stop_loss', 'cost': 150.78415352}]",0.0
XRP/USDT,231.74764,231.74764,402.2,2023-10-24 15:00:00+00:00,2023-10-27 17:05:00+00:00,0.5762,0.5335,0.001,0.001,4445,-0.07595615075656728,-17.62026134,stop_loss,0.5474,-0.05,0.5335,-0.07411684845540834,0.5325,0.5799,False,hammer_rebond,1.0,False,1698159600000,1698426300000,"[{'amount': 402.2, 'safe_price': 0.5762, 'ft_order_side': 'buy', 'order_filled_timestamp': 1698159600000, 'ft_is_entry': True, 'ft_order_tag': 'hammer_rebond', 'cost': 231.97938764}, {'amount': 402.2, 'safe_price': 0.5335, 'ft_order_side': 'sell', 'order_filled_timestamp': 1698426300000, 'ft_is_entry': False, 'ft_order_tag': 'stop_loss', 'cost': 214.78827369999996}]",0.0
XRP/USDT,223.10598,223.10598,308.2,2023-11-06 15:00:00+00:00,2023-11-07 00:30:00+00:00,0.7239,0.6693,0.001,0.001,570,-0.07727208556052319,-17.25710424,stop_loss,0.6878,-0.05,0.6693,-0.07542620699968527,0.65,0.7277,False,hammer_rebond,1.0,False,1699282800000,1699317000000,"[{'amount': 308.2, 'safe_price': 0.7239, 'ft_order_side': 'buy', 'order_filled_timestamp': 1699282800000, 'ft_is_entry': True, 'ft_order_tag': 'hammer_rebond', 'cost': 223.32908597999997}, {'amount': 308.2, 'safe_price': 0.6693, 'ft_order_side': 'sell', 'order_filled_timestamp': 1699317000000, 'ft_is_entry': False, 'ft_order_tag': 'stop_loss', 'cost': 206.48453825999997}]",0.0
BTC/USDT,412.07782,412.07782,0.011,2023-11-20 16:00:00+00:00,2023-11-21 14:55:00+00:00,37461.62,36489.04889625069,0.001,0.001,1375,-0.02790793074167219,-11.5117395,stop_loss,35588.539000000004,-0.05,36489.04889625069,-0.02596180047070329,36450.0,37750.0,False,hammer_rebond,1.0,False,1700496000000,1700578500000,"[{'amount': 0.011, 'safe_price': 37461.62, 'ft_order_side': 'buy', 'order_filled_timestamp': 1700496000000, 'ft_is_entry': True, 'ft_order_tag': 'hammer_rebond', 'cost': 412.48989782}, {'amount': 0.011, 'safe_price': 36489.04889625069, 'ft_order_side': 'sell', 'order_filled_timestamp': 1700578500000, 'ft_is_entry': False, 'ft_order_tag': 'stop_loss', 'cost': 401.7809173966163}]",0.0
ETH/USDT,104.356931,104.356931,0.0511,2023-11-20 16:00:00+00:00,2023-11-21 15:00:00+00:00,2042.21,1977.7741116200373,0.001,0.001,1380,-0.033486999339990935,-3.49809508,stop_loss,1940.0995,-0.05,1977.7741116200373,-0.031552038419145334,1960.0,2066.4,False,hammer_rebond,1.0,False,1700496000000,1700578800000,"[{'amount': 0.0511, 'safe_price': 2042.21, 'ft_order_side': 'buy', 'order_filled_timestamp': 1700496000000, 'ft_is_entry': True, 'ft_order_tag': 'hammer_rebond', 'cost': 104.46128793099999}, {'amount': 0.0511, 'safe_price': 1977.7741116200373, 'ft_order_side': 'sell', 'order_filled_timestamp': 1700578800000, 'ft_is_entry': False, 'ft_order_tag': 'stop_loss', 'cost': 101.16532136088767}]",0.0
LTC/USDT,307.8478,307.8478,4.342,2023-11-09 19:00:00+00:00,2023-11-21 18:00:00+00:00,70.9,67.10286274473447,0.001,0.001,17220,-0.05544723425315718,-17.08637839,stop_loss,67.355,-0.05,67.10286274473447,-0.05355623773294127,67.01,76.79,False,hammer_rebond,1.0,False,1699556400000,1700589600000,"[{'amount': 4.342, 'safe_price': 70.9, 'ft_order_side': 'buy', 'order_filled_timestamp': 1699556400000, 'ft_is_entry': True, 'ft_order_tag': 'hammer_rebond', 'cost': 308.1556478}, {'amount': 4.342, 'safe_price': 67.10286274473447, 'ft_order_side': 'sell', 'order_filled_timestamp': 1700589600000, 'ft_is_entry': False, 'ft_order_tag': 'stop_loss', 'cost': 291.6519906676746}]",0.0
BNB/USDT,154.0448,154.0448,0.529,2023-12-26 13:00:00+00:00,2023-12-28 13:30:00+00:00,291.2,337.7,0.001,0.001,2910,0.1573670148532786,24.2658119,take_profit_1.5R,276.64,-0.05,261.2465264436093,-0.10286220314694605,285.0,338.1,False,hammer_rebond,1.0,False,1703595600000,1703770200000,"[{'amount': 0.529, 'safe_price': 291.2, 'ft_order_side': 'buy', 'order_filled_timestamp': 1703595600000, 'ft_is_entry': True, 'ft_order_tag': 'hammer_rebond', 'cost': 154.1988448}, {'amount': 0.529, 'safe_price': 337.7, 'ft_order_side': 'sell', 'order_filled_timestamp': 1703770200000, 'ft_is_entry': False, 'ft_order_tag': 'take_profit_1.5R', 'cost': 178.8219433}]",0.0
XRP/USDT,131.33485,131.33485,233.9,2024-01-03 15:00:00+00:00,2024-01-31 14:05:00+00:00,0.5615,0.4917,0.001,0.001,40265,-0.12605951483956826,-16.57256348,stop_loss,0.5335,-0.05,0.4917,-0.12434706174541021,0.4853,0.624,False,hammer_rebond,1.0,False,1704294000000,1706709900000,"[{'amount': 233.9, 'safe_price': 0.5615, 'ft_order_side': 'buy', 'order_filled_timestamp': 1704294000000, 'ft_is_entry': True, 'ft_order_tag': 'hammer_rebond', 'cost': 131.46618485}, {'amount': 233.9, 'safe_price': 0.4917, 'ft_order_side': 'sell', 'order_filled_timestamp': 1706709900000, 'ft_is_entry': False, 'ft_order_tag': 'stop_loss', 'cost': 115.12363863}]",0.0
LTC/USDT,400.12176,400.12176,4.808,2024-02-29 14:00:00+00:00,2024-02-29 21:35:00+00:00,83.22,79.93954767242263,0.001,0.001,455,-0.041338280513525574,-16.5568859,stop_loss,79.059,-0.05,79.93954767242263,-0.039419037822366776,79.53,84.96,False,hammer_rebond,1.0,False,1709215200000,1709242500000,"[{'amount': 4.808, 'safe_price': 83.22, 'ft_order_side': 'buy', 'order_filled_timestamp': 1709215200000, 'ft_is_entry': True, 'ft_order_tag': 'hammer_rebond', 'cost': 400.5218817599999}, {'amount': 4.808, 'safe_price': 79.93954767242263, 'ft_order_side': 'sell', 'order_filled_timestamp': 1709242500000, 'ft_is_entry': False, 'ft_order_tag': 'stop_loss', 'cost': 384.733694554217}]",0.0
BTC/USDT,332.8755612,332.8755612,0.00546,2024-02-28 16:00:00+00:00,2024-03-04 09:35:00+00:00,60966.22,65492.14,0.001,0.001,6815,0.07209019310400937,24.02106055,take_profit_1.5R,57917.909,-0.05,58037.99263689132,-0.048030325040796074,58700.0,65555.0,False,hammer_rebond,1.0,False,1709136000000,1709544900000,"[{'amount': 0.00546, 'safe_price': 60966.22, 'ft_order_side': 'buy', 'order_filled_timestamp': 1709136000000, 'ft_is_entry': True, 'ft_order_tag': 'hammer_rebond', 'cost': 333.20843676119995}, {'amount': 0.00546, 'safe_price': 65492.14, 'ft_order_side': 'sell', 'order_filled_timestamp': 1709544900000, 'ft_is_entry': False, 'ft_order_tag': 'take_profit_1.5R', 'cost': 357.9446714843999}]",0.0
XRP/USDT,326.6176,326.6176,505.6,2024-03-05 07:00:00+00:00,2024-03-05 16:05:00+00:00,0.646,0.6141,0.001,0.001,545,-0.05128014400460221,-16.76574656,stop_loss,0.6137,-0.05,0.6141,-0.049450471238301597,0.6085,0.6544,False,hammer_rebond,1.0,False,1709622000000,1709654700000,"[{'amount': 505.6, 'safe_price': 0.646, 'ft_order_side': 'buy', 'order_filled_timestamp': 1709622000000, 'ft_is_entry': True, 'ft_order_tag': 'hammer_rebond', 'cost': 326.9442176}, {'amount': 505.6, 'safe_price': 0.6141, 'ft_order_side': 'sell', 'order_filled_timestamp': 1709654700000, 'ft_is_entry': False, 'ft_order_tag': 'stop_loss', 'cost': 310.79944896}]",0.0
LTC/USDT,185.01944,185.01944,2.056,2024-03-03 10:00:00+00:00,2024-03-05 19:35:00+00:00,89.99,82.36716006987031,0.001,0.001,3455,-0.08653638939613213,-16.02692522,stop_loss,85.4905,-0.05,82.36716006987031,-0.08470763340515264,81.11,92.69,False,hammer_rebond,1.0,False,1709460000000,1709667300000,"[{'amount': 2.056, 'safe_price': 89.99, 'ft_order_side': 'buy', 'order_filled_timestamp': 1709460000000, 'ft_is_entry': True, 'ft_order_tag': 'hammer_rebond', 'cost': 185.20445944}, {'amount': 2.056, 'safe_price': 82.36716006987031, 'ft_order_side': 'sell', 'order_filled_timestamp': 1709667300000, 'ft_is_entry': False, 'ft_order_tag': 'stop_loss', 'cost': 169.51622798475697}]",0.0
BNB/USDT,301.2048,301.2048,0.624,2024-03-08 18:00:00+00:00,2024-03-10 09:50:00+00:00,482.7,522.5,0.001,0.001,2390,0.08029012628142522,24.2079552,take_profit_1.5R,458.56499999999994,-0.05,457.87919504035096,-0.05142076850973487,478.2,533.5,False,hammer_rebond,1.0,False,1709920800000,1710064200000,"[{'amount': 0.624, 'safe_price': 482.7, 'ft_order_side': 'buy', 'order_filled_timestamp': 1709920800000, 'ft_is_entry': True, 'ft_order_tag': 'hammer_rebond', 'cost': 301.50600479999997}, {'amount': 0.624, 'safe_price': 522.5, 'ft_order_side': 'sell', 'order_filled_timestamp': 1710064200000, 'ft_is_entry': False, 'ft_order_tag': 'take_profit_1.5R', 'cost': 326.36604}]",0.0
BTC/USDT,322.6837081,322.6837081,0.00481,2024-03-06 17:00:00+00:00,2024-03-11 11:50:00+00:00,67086.01,72192.21,0.001,0.001,6890,0.07396415168834716,23.89089376,take_profit_1.5R,63731.70949999999,-0.05,63867.24190720196,-0.04797972174523468,65551.0,72226.3,False,hammer_rebond,1.0,False,1709744400000,1710157800000,"[{'amount': 0.00481, 'safe_price': 67086.01, 'ft_order_side': 'buy', 'order_filled_timestamp': 1709744400000, 'ft_is_entry': True, 'ft_order_tag': 'hammer_rebond', 'cost': 323.0063918081}, {'amount': 0.00481, 'safe_price': 72192.21, 'ft_order_side': 'sell', 'order_filled_timestamp': 1710157800000, 'ft_is_entry': False, 'ft_order_tag': 'take_profit_1.5R', 'cost': 347.59177463009996}]",0.0
XRP/USDT,209.0016,209.0016,288.0,2024-03-11 23:00:00+00:00,2024-03-12 17:05:00+00:00,0.7257,0.6686,0.001,0.001,1085,-0.08052344513692178,-16.8463584,stop_loss,0.6895,-0.05,0.6686,-0.07872215864365728,0.667,0.7332,False,hammer_rebond,1.0,False,1710198000000,1710263100000,"[{'amount': 288.0, 'safe_price': 0.7257, 'ft_order_side': 'buy', 'order_filled_timestamp': 1710198000000, 'ft_is_entry': True, 'ft_order_tag': 'hammer_rebond', 'cost': 209.21060159999996}, {'amount': 288.0, 'safe_price': 0.6686, 'ft_order_side': 'sell', 'order_filled_timestamp': 1710263100000, 'ft_is_entry': False, 'ft_order_tag': 'stop_loss', 'cost': 192.74935679999996}]",0.0
XRP/USDT,403.0344,403.0344,595.5,2024-03-14 18:00:00+00:00,2024-03-14 18:50:00+00:00,0.6768,0.6526,0.001,0.001,50,-0.037683061619231836,-15.2027577,stop_loss,0.643,-0.05,0.6526,-0.03579147350944223,0.652,0.6768,False,hammer_rebond,1.0,False,1710439200000,1710442200000,"[{'amount': 595.5, 'safe_price': 0.6768, 'ft_order_side': 'buy', 'order_filled_timestamp': 1710439200000, 'ft_is_entry': True, 'ft_order_tag': 'hammer_rebond', 'cost': 403.4374343999999}, {'amount': 595.5, 'safe_price': 0.6526, 'ft_order_side': 'sell', 'order_filled_timestamp': 1710442200000, 'ft_is_entry': False, 'ft_order_tag': 'stop_loss', 'cost': 389.0119232999999}]",0.0
BTC/USDT,340.626654,340.626654,0.00477,2024-03-12 19:00:00+00:00,2024-03-15 02:50:00+00:00,71410.2,68035.10368208983,0.001,0.001,3350,-0.049167074030812385,-16.76436353,stop_loss,67839.68999999999,-0.05,68035.10368208983,-0.04726350462413165,68000.0,73777.0,False,hammer_rebond,1.0,False,1710270000000,1710471000000,"[{'amount': 0.00477, 'safe_price': 71410.2, 'ft_order_side': 'buy', 'order_filled_timestamp': 1710270000000, 'ft_is_entry': True, 'ft_order_tag': 'hammer_rebond', 'cost': 340.9672806539999}, {'amount': 0.00477, 'safe_price': 68035.10368208983, 'ft_order_side': 'sell', 'order_filled_timestamp': 1710471000000, 'ft_is_entry': False, 'ft_order_tag': 'stop_loss', 'cost': 324.85197200813207}]",0.0
LTC/USDT,387.19224,387.19224,4.759,2024-03-19 05:00:00+00:00,2024-03-19 05:40:00+00:00,81.36,80.55357754035283,0.001,0.001,40,-0.011889978715760141,-4.6083112,stop_loss,77.292,-0.05,80.55357754035283,-0.009911780477472543,80.36,82.12,False,hammer_rebond,1.0,False,1710824400000,1710826800000,"[{'amount': 4.759, 'safe_price': 81.36, 'ft_order_side': 'buy', 'order_filled_timestamp': 1710824400000, 'ft_is_entry': True, 'ft_order_tag': 'hammer_rebond', 'cost': 387.57943223999996}, {'amount': 4.759, 'safe_price': 80.55357754035283, 'ft_order_side': 'sell', 'order_filled_timestamp': 1710826800000, 'ft_is_entry': False, 'ft_order_tag': 'stop_loss', 'cost': 383.7378299900537}]",0.0
XRP/USDT,384.92128,384.92128,663.2,2024-03-19 09:00:00+00:00,2024-03-19 12:45:00+00:00,0.5804,0.5986,0.001,0.001,225,0.02929702964161958,11.2883272,take_profit_1.5R,0.5514,-0.05,0.5696,-0.018729606967724743,0.5712,0.5997,False,hammer_rebond,1.0,False,1710838800000,1710852300000,"[{'amount': 663.2, 'safe_price': 0.5804, 'ft_order_side': 'buy', 'order_filled_timestamp': 1710838800000, 'ft_is_entry': True, 'ft_order_tag': 'hammer_rebond', 'cost': 385.30620128}, {'amount': 663.2, 'safe_price': 0.5986, 'ft_order_side': 'sell', 'order_filled_timestamp': 1710852300000, 'ft_is_entry': False, 'ft_order_tag': 'take_profit_1.5R', 'cost': 397.38851152}]",0.0
LTC/USDT,184.38056,184.38056,1.729,2024-04-02 19:00:00+00:00,2024-04-03 18:10:00+00:00,106.64,97.60891692263192,0.001,0.001,1390,-0.08651637180686013,-15.96788902,stop_loss,101.30799999999999,-0.05,97.60891692263192,-0.08468757574426178,97.3,109.86,False,hammer_rebond,1.0,False,1712084400000,1712167800000,"[{'amount': 1.729, 'safe_price': 106.64, 'ft_order_side': 'buy', 'order_filled_timestamp': 1712084400000, 'ft_is_entry': True, 'ft_order_tag': 'hammer_rebond', 'cost': 184.56494055999997}, {'amount': 1.729, 'safe_price': 97.60891692263192, 'ft_order_side': 'sell', 'order_filled_timestamp': 1712167800000, 'ft_is_entry': False, 'ft_order_tag': 'stop_loss', 'cost': 168.9345831765898}]",0.0
BNB/USDT,304.8627,304.8627,0.529,2024-04-04 04:00:00+00:00,2024-04-12 05:55:00+00:00,576.3,625.2,0.001,0.001,11635,0.08268410402715451,25.2325065,take_profit_1.5R,547.4849999999999,-0.05,547.3784910430111,-0.05018481512578321,564.4,634.5,False,hammer_rebond,1.0,False,1712203200000,1712901300000,"[{'amount': 0.529, 'safe_price': 576.3, 'ft_order_side': 'buy', 'order_filled_timestamp': 1712203200000, 'ft_is_entry': True, 'ft_order_tag': 'hammer_rebond', 'cost': 305.16756269999996}, {'amount': 0.529, 'safe_price': 625.2, 'ft_order_side': 'sell', 'order_filled_timestamp': 1712901300000, 'ft_is_entry': False, 'ft_order_tag': 'take_profit_1.5R', 'cost': 331.0615308}]",0.0
BNB/USDT,394.7706,394.7706,0.714,2024-04-15 21:00:00+00:00,2024-04-16 04:25:00+00:00,552.9,539.0381911279085,0.001,0.001,445,-0.027019005698269045,-10.6769754,stop_loss,525.255,-0.05,539.0381911279085,-0.025071095807725596,537.3,557.9,False,hammer_rebond,1.0,False,1713214800000,1713241500000,"[{'amount': 0.714, 'safe_price': 552.9, 'ft_order_side': 'buy', 'order_filled_timestamp': 1713214800000, 'ft_is_entry': True, 'ft_order_tag': 'hammer_rebond', 'cost': 395.1653705999999}, {'amount': 0.714, 'safe_price': 539.0381911279085, 'ft_order_side': 'sell', 'order_filled_timestamp': 1713241500000, 'ft_is_entry': False, 'ft_order_tag': 'stop_loss', 'cost': 385.25814173379194}]",0.0
BTC/USDT,389.5986294,389.5986294,0.00573,2024-05-23 22:00:00+00:00,2024-06-05 15:30:00+00:00,67992.78,71543.57,0.001,0.001,18330,0.05012070110107645,19.54648341,take_profit_1.5R,64593.140999999996,-0.05,65828.29903330946,-0.03183398247123492,66600.12,71574.23,False,hammer_rebond,1.0,False,1716501600000,1717601400000,"[{'amount': 0.00573, 'safe_price': 67992.78, 'ft_order_side': 'buy', 'order_filled_timestamp': 1716501600000, 'ft_is_entry': True, 'ft_order_tag': 'hammer_rebond', 'cost': 389.9882280294}, {'amount': 0.00573, 'safe_price': 71543.57, 'ft_order_side': 'sell', 'order_filled_timestamp': 1717601400000, 'ft_is_entry': False, 'ft_order_tag': 'take_profit_1.5R', 'cost': 410.3546007561}]",0.0
XRP/USDT,399.51487,399.51487,688.7,2024-07-18 08:00:00+00:00,2024-07-18 08:20:00+00:00,0.5801,0.5702,0.001,0.001,20,-0.019029927149216926,-7.61034161,stop_loss,0.5511,-0.05,0.5702,-0.017216799775936598,0.5669,0.5806,False,hammer_rebond,1.0,False,1721289600000,1721290800000,"[{'amount': 688.7, 'safe_price': 0.5801, 'ft_order_side': 'buy', 'order_filled_timestamp': 1721289600000, 'ft_is_entry': True, 'ft_order_tag': 'hammer_rebond', 'cost': 399.91438486999994}, {'amount': 688.7, 'safe_price': 0.5702, 'ft_order_side': 'sell', 'order_filled_timestamp': 1721290800000, 'ft_is_entry': False, 'ft_order_tag': 'stop_loss', 'cost': 393.08943674}]",0.0
LTC/USDT,395.76411,395.76411,6.741,2024-08-07 03:00:00+00:00,2024-08-07 14:30:00+00:00,58.71,56.722951554069006,0.001,0.001,690,-0.03577552404023809,-14.1728271,stop_loss,55.774499999999996,-0.05,56.722951554069006,-0.03384514471011746,56.43,59.5,False,hammer_rebond,1.0,False,1722999600000,1723041000000,"[{'amount': 6.741, 'safe_price': 58.71, 'ft_order_side': 'buy', 'order_filled_timestamp': 1722999600000, 'ft_is_entry': True, 'ft_order_tag': 'hammer_rebond', 'cost': 396.1598741099999}, {'amount': 6.741, 'safe_price': 56.722951554069006, 'ft_order_side': 'sell', 'order_filled_timestamp': 1723041000000, 'ft_is_entry': False, 'ft_order_tag': 'stop_loss', 'cost': 382.75178584240507}]",0.0
XRP/USDT,395.71992,395.71992,774.1,2024-08-07 03:00:00+00:00,2024-08-07 14:35:00+00:00,0.5112,0.4945,0.001,0.001,695,-0.034600962417863826,-13.70598237,stop_loss,0.4857,-0.05,0.4945,-0.03284891406926915,0.4922,0.5195,False,hammer_rebond,1.0,False,1722999600000,1723041300000,"[{'amount': 774.1, 'safe_price': 0.5112, 'ft_order_side': 'buy', 'order_filled_timestamp': 1722999600000, 'ft_is_entry': True, 'ft_order_tag': 'hammer_rebond', 'cost': 396.11563992}, {'amount': 774.1, 'safe_price': 0.4945, 'ft_order_side': 'sell', 'order_filled_timestamp': 1723041300000, 'ft_is_entry': False, 'ft_order_tag': 'stop_loss', 'cost': 383.17524245}]",0.0
LTC/USDT,381.92144,381.92144,6.164,2024-08-29 23:00:00+00:00,2024-08-30 19:50:00+00:00,61.96,64.45,0.001,0.001,1250,0.03810892142073549,14.56916876,take_profit_1.5R,58.861999999999995,-0.05,60.53738990813752,-0.02296013705394584,61.51,64.73,False,hammer_rebond,1.0,False,1724972400000,1725047400000,"[{'amount': 6.164, 'safe_price': 61.96, 'ft_order_side': 'buy', 'order_filled_timestamp': 1724972400000, 'ft_is_entry': True, 'ft_order_tag': 'hammer_rebond', 'cost': 382.30336143999995}, {'amount': 6.164, 'safe_price': 64.45, 'ft_order_side': 'sell', 'order_filled_timestamp': 1725047400000, 'ft_is_entry': False, 'ft_order_tag': 'take_profit_1.5R', 'cost': 397.6670697999999}]",0.0
XRP/USDT,389.1572,389.1572,604.0,2024-09-30 07:00:00+00:00,2024-09-30 10:10:00+00:00,0.6443,0.6291,0.001,0.001,190,-0.025542360789916275,-9.9499336,stop_loss,0.6121,-0.05,0.6291,-0.023610202282645543,0.6267,0.6548,False,hammer_rebond,1.0,False,1727679600000,1727691000000,"[{'amount': 604.0, 'safe_price': 0.6443, 'ft_order_side': 'buy', 'order_filled_timestamp': 1727679600000, 'ft_is_entry': True, 'ft_order_tag': 'hammer_rebond', 'cost': 389.54635719999993}, {'amount': 604.0, 'safe_price': 0.6291, 'ft_order_side': 'sell', 'order_filled_timestamp': 1727691000000, 'ft_is_entry': False, 'ft_order_tag': 'stop_loss', 'cost': 380.3563764}]",0.0
BNB/USDT,384.0782,384.0782,0.649,2024-10-15 17:00:00+00:00,2024-10-23 18:00:00+00:00,591.8,573.4896862361727,0.001,0.001,11580,-0.03287622052071583,-12.63966664,stop_loss,562.2099999999999,-0.05,573.4896862361727,-0.03094003677564594,573.3,611.8,False,hammer_rebond,1.0,False,1729011600000,1729706400000,"[{'amount': 0.649, 'safe_price': 591.8, 'ft_order_side': 'buy', 'order_filled_timestamp': 1729011600000, 'ft_is_entry': True, 'ft_order_tag': 'hammer_rebond', 'cost': 384.46227819999996}, {'amount': 0.649, 'safe_price': 573.4896862361727, 'ft_order_side': 'sell', 'order_filled_timestamp': 1729706400000, 'ft_is_entry': False, 'ft_order_tag': 'stop_loss', 'cost': 372.56700117364335}]",0.0
LTC/USDT,337.82056,337.82056,4.438,2024-11-10 23:00:00+00:00,2024-11-12 04:25:00+00:00,76.12,72.71337456906338,0.001,0.001,1765,-0.04666194034247891,-15.77912618,stop_loss,72.31400000000001,-0.05,72.71337456906338,-0.0447533556350056,68.0,80.37,False,hammer_rebond,1.0,False,1731279600000,1731385500000,"[{'amount': 4.438, 'safe_price': 76.12, 'ft_order_side': 'buy', 'order_filled_timestamp': 1731279600000, 'ft_is_entry': True, 'ft_order_tag': 'hammer_rebond', 'cost': 338.15838055999996}, {'amount': 4.438, 'safe_price': 72.71337456906338, 'ft_order_side': 'sell', 'order_filled_timestamp': 1731385500000, 'ft_is_entry': False, 'ft_order_tag': 'stop_loss', 'cost': 323.02465829384073}]",0.0
XRP/USDT,259.423,259.423,439.7,2024-11-10 23:00:00+00:00,2024-11-12 08:35:00+00:00,0.59,0.6572,0.001,0.001,2015,0.11167273404561542,28.99944616,take_profit_1.5R,0.5605,-0.05,0.5557,-0.058271551096609864,0.5703,0.665,False,hammer_rebond,1.0,False,1731279600000,1731400500000,"[{'amount': 439.7, 'safe_price': 0.59, 'ft_order_side': 'buy', 'order_filled_timestamp': 1731279600000, 'ft_is_entry': True, 'ft_order_tag': 'hammer_rebond', 'cost': 259.682423}, {'amount': 439.7, 'safe_price': 0.6572, 'ft_order_side': 'sell', 'order_filled_timestamp': 1731400500000, 'ft_is_entry': False, 'ft_order_tag': 'take_profit_1.5R', 'cost': 289.25981084}]",0.0
LTC/USDT,384.53109,384.53109,5.079,2024-11-12 16:00:00+00:00,2024-11-13 04:35:00+00:00,75.71,72.8111676174874,0.001,0.001,755,-0.040210133940968555,-15.47750868,stop_loss,71.9245,-0.05,72.8111676174874,-0.03828863271050842,72.6,78.37,False,hammer_rebond,1.0,False,1731427200000,1731472500000,"[{'amount': 5.079, 'safe_price': 75.71, 'ft_order_side': 'buy', 'order_filled_timestamp': 1731427200000, 'ft_is_entry': True, 'ft_order_tag': 'hammer_rebond', 'cost': 384.9156210899999}, {'amount': 5.079, 'safe_price': 72.8111676174874, 'ft_order_side': 'sell', 'order_filled_timestamp': 1731472500000, 'ft_is_entry': False, 'ft_order_tag': 'stop_loss', 'cost': 370.1777282495476}]",0.0
XRP/USDT,249.3112,249.3112,348.2,2024-11-14 13:00:00+00:00,2024-11-14 19:35:00+00:00,0.716,0.7893,0.001,0.001,395,0.100171755618683,24.99891454,take_profit_1.5R,0.6802,-0.05,0.6728,-0.06045343016533122,0.7,0.7956,False,hammer_rebond,1.0,False,1731589200000,1731612900000,"[{'amount': 348.2, 'safe_price': 0.716, 'ft_order_side': 'buy', 'order_filled_timestamp': 1731589200000, 'ft_is_entry': True, 'ft_order_tag': 'hammer_rebond', 'cost': 249.56051119999995}, {'amount': 348.2, 'safe_price': 0.7893, 'ft_order_side': 'sell', 'order_filled_timestamp': 1731612900000, 'ft_is_entry': False, 'ft_order_tag': 'take_profit_1.5R', 'cost': 275.10909425999995}]",0.0
XRP/USDT,118.91005,118.91005,150.5,2024-11-14 20:00:00+00:00,2024-11-16 05:00:00+00:00,0.7901,0.9485,0.001,0.001,1980,0.19808238843803963,23.5775407,take_profit_1.5R,0.7506,-0.05,0.6867,-0.13093237932137736,0.7553,0.9631,False,hammer_rebond,1.0,False,1731614400000,1731733200000,"[{'amount': 150.5, 'safe_price': 0.7901, 'ft_order_side': 'buy', 'order_filled_timestamp': 1731614400000, 'ft_is_entry': True, 'ft_order_tag': 'hammer_rebond', 'cost': 119.02896004999998}, {'amount': 150.5, 'safe_price': 0.9485, 'ft_order_side': 'sell', 'order_filled_timestamp': 1731733200000, 'ft_is_entry': False, 'ft_order_tag': 'take_profit_1.5R', 'cost': 142.89199924999997}]",0.0
LTC/USDT,305.87193,305.87193,3.717,2024-11-15 03:00:00+00:00,2024-11-16 09:30:00+00:00,82.29,88.93,0.001,0.001,1830,0.07853102056528961,24.04445526,take_profit_1.5R,78.1755,-0.05,78.10118668570813,-0.05090306615982354,78.84,89.06,False,hammer_rebond,1.0,False,1731639600000,1731749400000,"[{'amount': 3.717, 'safe_price': 82.29, 'ft_order_side': 'buy', 'order_filled_timestamp': 1731639600000, 'ft_is_entry': True, 'ft_order_tag': 'hammer_rebond', 'cost': 306.17780193}, {'amount': 3.717, 'safe_price': 88.93, 'ft_order_side': 'sell', 'order_filled_timestamp': 1731749400000, 'ft_is_entry': False, 'ft_order_tag': 'take_profit_1.5R', 'cost': 330.88336281}]",0.0
BTC/USDT,158.4910929,158.4910929,0.00179,2024-11-12 02:00:00+00:00,2024-11-20 15:35:00+00:00,88542.51,94720.02,0.001,0.001,12335,0.06763145984977927,10.72970297,take_profit_1.5R,84115.38449999999,-0.05,84554.99931326338,-0.045034985869912836,85072.0,94807.62,False,hammer_rebond,1.0,False,1731376800000,1732116900000,"[{'amount': 0.00179, 'safe_price': 88542.51, 'ft_order_side': 'buy', 'order_filled_timestamp': 1731376800000, 'ft_is_entry': True, 'ft_order_tag': 'hammer_rebond', 'cost': 158.64958399289998}, {'amount': 0.00179, 'safe_price': 94720.02, 'ft_order_side': 'sell', 'order_filled_timestamp': 1732116900000, 'ft_is_entry': False, 'ft_order_tag': 'take_profit_1.5R', 'cost': 169.7183846358}]",0.0
XRP/USDT,137.56323,137.56323,131.1,2024-11-16 12:00:00+00:00,2024-11-21 23:55:00+00:00,1.0493,1.2446,0.001,0.001,7915,0.1837542044346581,25.30309971,take_profit_1.5R,0.9969,-0.05,0.9235,-0.11998115211004001,1.0026,1.2698,False,hammer_rebond,1.0,False,1731758400000,1732233300000,"[{'amount': 131.1, 'safe_price': 1.0493, 'ft_order_side': 'buy', 'order_filled_timestamp': 1731758400000, 'ft_is_entry': True, 'ft_order_tag': 'hammer_rebond', 'cost': 137.70079322999996}, {'amount': 131.1, 'safe_price': 1.2446, 'ft_order_side': 'sell', 'order_filled_timestamp': 1732233300000, 'ft_is_entry': False, 'ft_order_tag': 'take_profit_1.5R', 'cost': 163.33022705999997}]",0.0
XRP/USDT,317.88812,317.88812,218.6,2024-11-22 21:00:00+00:00,2024-11-23 00:30:00+00:00,1.4542,1.5777,0.001,0.001,210,0.08275873486986127,26.33432666,take_profit_1.5R,1.3815,-0.05,1.3755,-0.05417716396816952,1.4416,1.5995,False,hammer_rebond,1.0,False,1732309200000,1732321800000,"[{'amount': 218.6, 'safe_price': 1.4542, 'ft_order_side': 'buy', 'order_filled_timestamp': 1732309200000, 'ft_is_entry': True, 'ft_order_tag': 'hammer_rebond', 'cost': 318.2060081199999}, {'amount': 218.6, 'safe_price': 1.5777, 'ft_order_side': 'sell', 'order_filled_timestamp': 1732321800000, 'ft_is_entry': False, 'ft_order_tag': 'take_profit_1.5R', 'cost': 345.23010522}]",0.0
LTC/USDT,443.62032,443.62032,4.496,2024-11-23 20:00:00+00:00,2024-11-24 11:55:00+00:00,98.67,95.36525016520926,0.001,0.001,955,-0.035424037647966436,-15.73053774,stop_loss,93.73649999999999,-0.05,95.36525016520926,-0.033492954644681716,95.1,103.18,False,hammer_rebond,1.0,False,1732392000000,1732449300000,"[{'amount': 4.496, 'safe_price': 98.67, 'ft_order_side': 'buy', 'order_filled_timestamp': 1732392000000, 'ft_is_entry': True, 'ft_order_tag': 'hammer_rebond', 'cost': 444.06394032000003}, {'amount': 4.496, 'safe_price': 95.36525016520926, 'ft_order_side': 'sell', 'order_filled_timestamp': 1732449300000, 'ft_is_entry': False, 'ft_order_tag': 'stop_loss', 'cost': 429.19092690752365}]",0.0
ETH/USDT,435.688924,435.688924,0.1276,2024-11-26 00:00:00+00:00,2024-11-26 10:45:00+00:00,3414.49,3326.907142744152,0.001,0.001,645,-0.02759710069859639,-12.03577486,stop_loss,3243.7654999999995,-0.05,3326.907142744152,-0.025650348150337954,3319.31,3462.49,False,hammer_rebond,1.0,False,1732579200000,1732617900000,"[{'amount': 0.1276, 'safe_price': 3414.49, 'ft_order_side': 'buy', 'order_filled_timestamp': 1732579200000, 'ft_is_entry': True, 'ft_order_tag': 'hammer_rebond', 'cost': 436.1246129239999}, {'amount': 0.1276, 'safe_price': 3326.907142744152, 'ft_order_side': 'sell', 'order_filled_timestamp': 1732617900000, 'ft_is_entry': False, 'ft_order_tag': 'stop_loss', 'cost': 424.93786476556795}]",0.0
XRP/USDT,304.06834,304.06834,176.2,2024-11-29 20:00:00+00:00,2024-11-30 05:20:00+00:00,1.7257,1.8868,0.001,0.001,560,0.09116889947857092,27.7492975,take_profit_1.5R,1.6395,-0.05,1.6282,-0.05653494950816962,1.7175,1.8946,False,hammer_rebond,1.0,False,1732910400000,1732944000000,"[{'amount': 176.2, 'safe_price': 1.7257, 'ft_order_side': 'buy', 'order_filled_timestamp': 1732910400000, 'ft_is_entry': True, 'ft_order_tag': 'hammer_rebond', 'cost': 304.37240833999994}, {'amount': 176.2, 'safe_price': 1.8868, 'ft_order_side': 'sell', 'order_filled_timestamp': 1732944000000, 'ft_is_entry': False, 'ft_order_tag': 'take_profit_1.5R', 'cost': 332.78661415999994}]",0.0
XRP/USDT,443.50887,443.50887,238.1,2024-12-01 03:00:00+00:00,2024-12-01 09:05:00+00:00,1.8627,1.9387,0.001,0.001,365,0.03872146536021556,17.19048666,take_profit_1.5R,1.7696,-0.05,1.8334,-0.01576859740424419,1.8549,1.95,False,hammer_rebond,1.0,False,1733022000000,1733043900000,"[{'amount': 238.1, 'safe_price': 1.8627, 'ft_order_side': 'buy', 'order_filled_timestamp': 1733022000000, 'ft_is_entry': True, 'ft_order_tag': 'hammer_rebond', 'cost': 443.95237886999996}, {'amount': 238.1, 'safe_price': 1.9387, 'ft_order_side': 'sell', 'order_filled_timestamp': 1733043900000, 'ft_is_entry': False, 'ft_order_tag': 'take_profit_1.5R', 'cost': 462.06607446999993}]",0.0
BNB/USDT,451.83216,451.83216,0.703,2024-12-03 16:00:00+00:00,2024-12-03 19:10:00+00:00,642.72,686.85,0.001,0.001,190,0.06652612697235549,30.08870229,take_profit_1.5R,610.584,-0.05,617.2874106095559,-0.03957024737124126,642.0,690.0,False,hammer_rebond,1.0,False,1733241600000,1733253000000,"[{'amount': 0.703, 'safe_price': 642.72, 'ft_order_side': 'buy', 'order_filled_timestamp': 1733241600000, 'ft_is_entry': True, 'ft_order_tag': 'hammer_rebond', 'cost': 452.2839921599999}, {'amount': 0.703, 'safe_price': 686.85, 'ft_order_side': 'sell', 'order_filled_timestamp': 1733253000000, 'ft_is_entry': False, 'ft_order_tag': 'take_profit_1.5R', 'cost': 483.33840554999995}]",0.0
LTC/USDT,138.34249,138.34249,1.157,2024-12-02 00:00:00+00:00,2024-12-05 13:40:00+00:00,119.57,143.44,0.001,0.001,5140,0.19723514755713464,27.31328743,take_profit_1.5R,113.59149999999998,-0.05,103.94864411868826,-0.13064611425367345,114.63,144.43,False,hammer_rebond,1.0,False,1733097600000,1733406000000,"[{'amount': 1.157, 'safe_price': 119.57, 'ft_order_side': 'buy', 'order_filled_timestamp': 1733097600000, 'ft_is_entry': True, 'ft_order_tag': 'hammer_rebond', 'cost': 138.48083248999998}, {'amount': 1.157, 'safe_price': 143.44, 'ft_order_side': 'sell', 'order_filled_timestamp': 1733406000000, 'ft_is_entry': False, 'ft_order_tag': 'take_profit_1.5R', 'cost': 166.12604008}]",0.0
XRP/USDT,123.01,123.01,50.0,2024-12-02 06:00:00+00:00,2024-12-09 21:00:00+00:00,2.4602,2.0986,0.001,0.001,10980,-0.14868425615519346,-18.30794,stop_loss,2.3372,-0.05,2.0986,-0.14698939727817084,2.0215,2.9092,False,hammer_rebond,1.0,False,1733119200000,1733778000000,"[{'amount': 50.0, 'safe_price': 2.4602, 'ft_order_side': 'buy', 'order_filled_timestamp': 1733119200000, 'ft_is_entry': True, 'ft_order_tag': 'hammer_rebond', 'cost': 123.13300999999997}, {'amount': 50.0, 'safe_price': 2.0986, 'ft_order_side': 'sell', 'order_filled_timestamp': 1733778000000, 'ft_is_entry': False, 'ft_order_tag': 'stop_loss', 'cost': 105.03492999999997}]",0.0
LTC/USDT,291.03282,291.03282,2.493,2024-12-11 16:00:00+00:00,2024-12-17 17:40:00+00:00,116.74,128.45,0.001,0.001,8740,0.09810995925438275,28.58177133,take_profit_1.5R,110.90299999999999,-0.05,109.1765937452965,-0.06478847228630713,114.26,131.04,False,hammer_rebond,1.0,False,1733932800000,1734457200000,"[{'amount': 2.493, 'safe_price': 116.74, 'ft_order_side': 'buy', 'order_filled_timestamp': 1733932800000, 'ft_is_entry': True, 'ft_order_tag': 'hammer_rebond', 'cost': 291.3238528199999}, {'amount': 2.493, 'safe_price': 128.45, 'ft_order_side': 'sell', 'order_filled_timestamp': 1734457200000, 'ft_is_entry': False, 'ft_order_tag': 'take_profit_1.5R', 'cost': 320.54607584999997}]",0.0
XRP/USDT,275.34424,275.34424,103.7,2024-12-17 14:00:00+00:00,2024-12-18 04:25:00+00:00,2.6552,2.4734,0.001,0.001,865,-0.07033061846258593,-19.38449582,stop_loss,2.5225,-0.05,2.4734,-0.06847191173973755,2.4708,2.6798,False,hammer_rebond,1.0,False,1734444000000,1734495900000,"[{'amount': 103.7, 'safe_price': 2.6552, 'ft_order_side': 'buy', 'order_filled_timestamp': 1734444000000, 'ft_is_entry': True, 'ft_order_tag': 'hammer_rebond', 'cost': 275.61958423999994}, {'amount': 103.7, 'safe_price': 2.4734, 'ft_order_side': 'sell', 'order_filled_timestamp': 1734495900000, 'ft_is_entry': False, 'ft_order_tag': 'stop_loss', 'cost': 256.74807158}]",0.0
LTC/USDT,485.69325,485.69325,3.909,2024-12-18 01:00:00+00:00,2024-12-18 06:35:00+00:00,124.25,120.25118278492457,0.001,0.001,335,-0.03411733858549828,-16.58713162,stop_loss,118.0375,-0.05,120.25118278492457,-0.03218363955795123,119.45,129.11,False,hammer_rebond,1.0,False,1734483600000,1734503700000,"[{'amount': 3.909, 'safe_price': 124.25, 'ft_order_side': 'buy', 'order_filled_timestamp': 1734483600000, 'ft_is_entry': True, 'ft_order_tag': 'hammer_rebond', 'cost': 486.1789432499999}, {'amount': 3.909, 'safe_price': 120.25118278492457, 'ft_order_side': 'sell', 'order_filled_timestamp': 1734503700000, 'ft_is_entry': False, 'ft_order_tag': 'stop_loss', 'cost': 470.5319353797763}]",0.0
ETH/USDT,427.42685,427.42685,0.1165,2024-12-19 04:00:00+00:00,2024-12-19 17:35:00+00:00,3668.9,3508.3487358464813,0.001,0.001,815,-0.04567062387189971,-19.54037175,stop_loss,3485.455,-0.05,3508.3487358464813,-0.04376005455409493,3505.02,3720.0,False,hammer_rebond,1.0,False,1734580800000,1734629700000,"[{'amount': 0.1165, 'safe_price': 3668.9, 'ft_order_side': 'buy', 'order_filled_timestamp': 1734580800000, 'ft_is_entry': True, 'ft_order_tag': 'hammer_rebond', 'cost': 427.85427685}, {'amount': 0.1165, 'safe_price': 3508.3487358464813, 'ft_order_side': 'sell', 'order_filled_timestamp': 1734629700000, 'ft_is_entry': False, 'ft_order_tag': 'stop_loss', 'cost': 409.1313503538412}]",0.0
LTC/USDT,458.15563,458.15563,4.321,2025-01-01 21:00:00+00:00,2025-01-03 18:50:00+00:00,106.03,111.44,0.001,0.001,2750,0.04892334864984115,22.43692213,take_profit_1.5R,100.7285,-0.05,102.66758335576753,-0.031711936661628526,104.11,111.47,False,hammer_rebond,1.0,False,1735765200000,1735930200000,"[{'amount': 4.321, 'safe_price': 106.03, 'ft_order_side': 'buy', 'order_filled_timestamp': 1735765200000, 'ft_is_entry': True, 'ft_order_tag': 'hammer_rebond', 'cost': 458.61378562999994}, {'amount': 4.321, 'safe_price': 111.44, 'ft_order_side': 'sell', 'order_filled_timestamp': 1735930200000, 'ft_is_entry': False, 'ft_order_tag': 'take_profit_1.5R', 'cost': 482.01377223999987}]",0.0
LTC/USDT,469.24965,469.24965,4.047,2025-01-06 03:00:00+00:00,2025-01-06 13:10:00+00:00,115.95,111.79992360047893,0.001,0.001,610,-0.03771843786401069,-17.71706313,stop_loss,110.1525,-0.05,111.79992360047893,-0.03579194824942711,111.75,116.21,False,hammer_rebond,1.0,False,1736132400000,1736169000000,"[{'amount': 4.047, 'safe_price': 115.95, 'ft_order_side': 'buy', 'order_filled_timestamp': 1736132400000, 'ft_is_entry': True, 'ft_order_tag': 'hammer_rebond', 'cost': 469.7188996499999}, {'amount': 4.047, 'safe_price': 111.79992360047893, 'ft_order_side': 'sell', 'order_filled_timestamp': 1736169000000, 'ft_is_entry': False, 'ft_order_tag': 'stop_loss', 'cost': 452.9067451019493}]",0.0
XRP/USDT,460.4796,460.4796,189.0,2025-01-06 16:00:00+00:00,2025-01-07 15:05:00+00:00,2.4364,2.3499,0.001,0.001,1385,-0.03743026797533447,-17.2531107,stop_loss,2.3146,-0.05,2.3499,-0.03550597318102511,2.3462,2.4683,False,hammer_rebond,1.0,False,1736179200000,1736262300000,"[{'amount': 189.0, 'safe_price': 2.4364, 'ft_order_side': 'buy', 'order_filled_timestamp': 1736179200000, 'ft_is_entry': True, 'ft_order_tag': 'hammer_rebond', 'cost': 460.94007959999993}, {'amount': 189.0, 'safe_price': 2.3499, 'ft_order_side': 'sell', 'order_filled_timestamp': 1736262300000, 'ft_is_entry': False, 'ft_order_tag': 'stop_loss', 'cost': 444.57523109999994}]",0.0
XRP/USDT,5.32984,5.32984,1.7,2025-01-20 18:00:00+00:00,2025-01-20 18:05:00+00:00,3.1352,3.1438,0.001,0.001,5,0.0007395640848052177,0.0039457,take_profit_1.5R,2.9785,-0.05,2.9785,-0.05,3.1202,3.175,False,hammer_rebond,1.0,False,1737396000000,1737396300000,"[{'amount': 1.7, 'safe_price': 3.1352, 'ft_order_side': 'buy', 'order_filled_timestamp': 1737396000000, 'ft_is_entry': True, 'ft_order_tag': 'hammer_rebond', 'cost': 5.335169839999999}, {'amount': 1.7, 'safe_price': 3.1438, 'ft_order_side': 'sell', 'order_filled_timestamp': 1737396300000, 'ft_is_entry': False, 'ft_order_tag': 'take_profit_1.5R', 'cost': 5.349804459999999}]",0.0
ETH/USDT,451.796856,451.796856,0.1372,2025-01-20 18:00:00+00:00,2025-01-21 01:25:00+00:00,3292.98,3210.7791649564374,0.001,0.001,445,-0.0269105728743323,-12.17027033,stop_loss,3128.3309999999997,-0.05,3210.7791649564374,-0.02496244588292751,3210.0,3364.12,False,hammer_rebond,1.0,False,1737396000000,1737422700000,"[{'amount': 0.1372, 'safe_price': 3292.98, 'ft_order_side': 'buy', 'order_filled_timestamp': 1737396000000, 'ft_is_entry': True, 'ft_order_tag': 'hammer_rebond', 'cost': 452.2486528559999}, {'amount': 0.1372, 'safe_price': 3210.7791649564374, 'ft_order_side': 'sell', 'order_filled_timestamp': 1737422700000, 'ft_is_entry': False, 'ft_order_tag': 'stop_loss', 'cost': 440.95942033345517}]",0.0
LTC/USDT,144.18678,144.18678,1.214,2025-01-16 04:00:00+00:00,2025-02-03 00:40:00+00:00,118.77,103.87698476760667,0.001,0.001,25720,-0.12714121119947228,-18.35041393,stop_loss,112.83149999999999,-0.05,103.87698476760667,-0.12539374616816812,101.45,141.22,False,hammer_rebond,1.0,False,1737000000000,1738543200000,"[{'amount': 1.214, 'safe_price': 118.77, 'ft_order_side': 'buy', 'order_filled_timestamp': 1737000000000, 'ft_is_entry': True, 'ft_order_tag': 'hammer_rebond', 'cost': 144.33096677999998}, {'amount': 1.214, 'safe_price': 103.87698476760667, 'ft_order_side': 'sell', 'order_filled_timestamp': 1738543200000, 'ft_is_entry': False, 'ft_order_tag': 'stop_loss', 'cost': 126.23276616738235}]",0.0
LTC/USDT,116.511,116.511,1.094,2025-02-03 20:00:00+00:00,2025-02-11 04:50:00+00:00,106.5,131.2,0.001,0.001,10610,0.22946349425222665,26.7617562,take_profit_1.5R,101.175,-0.05,90.52840587120043,-0.14996801998872833,98.42,132.48,False,hammer_rebond,1.0,False,1738612800000,1739249400000,"[{'amount': 1.094, 'safe_price': 106.5, 'ft_order_side': 'buy', 'order_filled_timestamp': 1738612800000, 'ft_is_entry': True, 'ft_order_tag': 'hammer_rebond', 'cost': 116.627511}, {'amount': 1.094, 'safe_price': 131.2, 'ft_order_side': 'sell', 'order_filled_timestamp': 1739249400000, 'ft_is_entry': False, 'ft_order_tag': 'take_profit_1.5R', 'cost': 143.67633279999998}]",0.0
BNB/USDT,376.289,376.289,0.571,2025-02-12 16:00:00+00:00,2025-02-13 01:35:00+00:00,659.0,708.4,0.001,0.001,575,0.07281428738181395,27.4266146,take_profit_1.5R,626.05,-0.05,627.5180289101505,-0.04777233852784446,655.16,714.08,False,hammer_rebond,1.0,False,1739376000000,1739410500000,"[{'amount': 0.571, 'safe_price': 659.0, 'ft_order_side': 'buy', 'order_filled_timestamp': 1739376000000, 'ft_is_entry': True, 'ft_order_tag': 'hammer_rebond', 'cost': 376.665289}, {'amount': 0.571, 'safe_price': 708.4, 'ft_order_side': 'sell', 'order_filled_timestamp': 1739410500000, 'ft_is_entry': False, 'ft_order_tag': 'take_profit_1.5R', 'cost': 404.9008963999999}]",0.0
LTC/USDT,430.0362,430.0362,3.33,2025-02-14 18:00:00+00:00,2025-02-17 05:00:00+00:00,129.14,123.5697710026778,0.001,0.001,3540,-0.04504508012328982,-19.3903861,stop_loss,122.68299999999998,-0.05,123.5697710026778,-0.04313325845843419,123.14,137.5,False,hammer_rebond,1.0,False,1739556000000,1739768400000,"[{'amount': 3.33, 'safe_price': 129.14, 'ft_order_side': 'buy', 'order_filled_timestamp': 1739556000000, 'ft_is_entry': True, 'ft_order_tag': 'hammer_rebond', 'cost': 430.4662361999999}, {'amount': 3.33, 'safe_price': 123.5697710026778, 'ft_order_side': 'sell', 'order_filled_timestamp': 1739768400000, 'ft_is_entry': False, 'ft_order_tag': 'stop_loss', 'cost': 411.8988247763559}]",0.0
XRP/USDT,454.06932,454.06932,175.1,2025-03-03 09:00:00+00:00,2025-03-03 09:00:00+00:00,2.5932,2.5834,0.001,0.001,0,-0.005769565926900495,-2.62240266,stop_loss,2.4636,-0.05,2.5834,-0.003793997862140519,2.554,2.5973,False,hammer_rebond,1.0,False,1740992400000,1740992400000,"[{'amount': 175.1, 'safe_price': 2.5932, 'ft_order_side': 'buy', 'order_filled_timestamp': 1740992400000, 'ft_is_entry': True, 'ft_order_tag': 'hammer_rebond', 'cost': 454.52338932}, {'amount': 175.1, 'safe_price': 2.5834, 'ft_order_side': 'sell', 'order_filled_timestamp': 1740992400000, 'ft_is_entry': False, 'ft_order_tag': 'stop_loss', 'cost': 452.80569333999995}]",0.0
XRP/USDT,452.76936,452.76936,175.2,2025-03-03 09:05:00+00:00,2025-03-03 09:05:00+00:00,2.5843,2.5834,0.001,0.001,0,-0.0023455629615905128,-1.06306104,stop_loss,2.4551,-0.05,2.5834,-0.00036319129207240675,2.557,2.5874,False,hammer_rebond,1.0,False,1740992700000,1740992700000,"[{'amount': 175.2, 'safe_price': 2.5843, 'ft_order_side': 'buy', 'order_filled_timestamp': 1740992700000, 'ft_is_entry': True, 'ft_order_tag': 'hammer_rebond', 'cost': 453.2221293599999}, {'amount': 175.2, 'safe_price': 2.5834, 'ft_order_side': 'sell', 'order_filled_timestamp': 1740992700000, 'ft_is_entry': False, 'ft_order_tag': 'stop_loss', 'cost': 453.06429167999994}]",0.0
XRP/USDT,5.40708,5.40708,2.1,2025-03-03 09:10:00+00:00,2025-03-03 09:30:00+00:00,2.5748,2.6008,0.001,0.001,20,0.00807969411356082,0.04373124,take_profit_1.5R,2.4461,-0.05,2.4461,-0.05,2.5259,2.6043,False,hammer_rebond,1.0,False,1740993000000,1740994200000,"[{'amount': 2.1, 'safe_price': 2.5748, 'ft_order_side': 'buy', 'order_filled_timestamp': 1740993000000, 'ft_is_entry': True, 'ft_order_tag': 'hammer_rebond', 'cost': 5.41248708}, {'amount': 2.1, 'safe_price': 2.6008, 'ft_order_side': 'sell', 'order_filled_timestamp': 1740994200000, 'ft_is_entry': False, 'ft_order_tag': 'take_profit_1.5R', 'cost': 5.46714168}]",0.0
ETH/USDT,452.29366,452.29366,0.2353,2025-03-14 16:00:00+00:00,2025-03-16 19:15:00+00:00,1922.2,1863.6087496729688,0.001,0.001,3075,-0.03241844986431899,-14.677322,stop_loss,1826.09,-0.05,1863.6087496729688,-0.030481349665503754,1860.38,1957.19,False,hammer_rebond,1.0,False,1741968000000,1742152500000,"[{'amount': 0.2353, 'safe_price': 1922.2, 'ft_order_side': 'buy', 'order_filled_timestamp': 1741968000000, 'ft_is_entry': True, 'ft_order_tag': 'hammer_rebond', 'cost': 452.74595366}, {'amount': 0.2353, 'safe_price': 1863.6087496729688, 'ft_order_side': 'sell', 'order_filled_timestamp': 1742152500000, 'ft_is_entry': False, 'ft_order_tag': 'stop_loss', 'cost': 438.9456459368476}]",0.0
BTC/USDT,444.3133848,444.3133848,0.00521,2025-04-01 16:00:00+00:00,2025-04-03 12:45:00+00:00,85280.88,82054.19627424904,0.001,0.001,2685,-0.039758362884261204,-17.68283796,stop_loss,81016.836,-0.05,82054.19627424904,-0.03783595720108612,81889.3,88500.0,False,hammer_rebond,1.0,False,1743523200000,1743684300000,"[{'amount': 0.00521, 'safe_price': 85280.88, 'ft_order_side': 'buy', 'order_filled_timestamp': 1743523200000, 'ft_is_entry': True, 'ft_order_tag': 'hammer_rebond', 'cost': 444.7576981848}, {'amount': 0.00521, 'safe_price': 82054.19627424904, 'ft_order_side': 'sell', 'order_filled_timestamp': 1743684300000, 'ft_is_entry': False, 'ft_order_tag': 'stop_loss', 'cost': 427.9298649514263}]",0.0
ETH/USDT,436.18338,436.18338,0.171,2025-05-12 10:00:00+00:00,2025-05-12 18:05:00+00:00,2550.78,2461.62523927776,0.001,0.001,485,-0.03688012798910147,-16.10258538,stop_loss,2423.241,-0.05,2461.62523927776,-0.034951960075835675,2451.71,2576.29,False,hammer_rebond,1.0,False,1747044000000,1747073100000,"[{'amount': 0.171, 'safe_price': 2550.78, 'ft_order_side': 'buy', 'order_filled_timestamp': 1747044000000, 'ft_is_entry': True, 'ft_order_tag': 'hammer_rebond', 'cost': 436.61956338}, {'amount': 0.171, 'safe_price': 2461.62523927776, 'ft_order_side': 'sell', 'order_filled_timestamp': 1747073100000, 'ft_is_entry': False, 'ft_order_tag': 'stop_loss', 'cost': 421.35885383241344}]",0.0
LTC/USDT,436.24512,436.24512,4.287,2025-05-12 18:00:00+00:00,2025-05-15 06:35:00+00:00,101.76,97.93100910434688,0.001,0.001,3635,-0.03955048396730632,-17.27095933,stop_loss,96.672,-0.05,97.93100910434688,-0.03762766210350943,97.55,105.97,False,hammer_rebond,1.0,False,1747072800000,1747290900000,"[{'amount': 4.287, 'safe_price': 101.76, 'ft_order_side': 'buy', 'order_filled_timestamp': 1747072800000, 'ft_is_entry': True, 'ft_order_tag': 'hammer_rebond', 'cost': 436.68136511999995}, {'amount': 4.287, 'safe_price': 97.93100910434688, 'ft_order_side': 'sell', 'order_filled_timestamp': 1747290900000, 'ft_is_entry': False, 'ft_order_tag': 'stop_loss', 'cost': 420.25006626636537}]",0.0
LTC/USDT,278.622,278.622,2.76,2025-05-19 00:00:00+00:00,2025-05-19 04:50:00+00:00,100.95,94.86668269300577,0.001,0.001,290,-0.06213829745420933,-17.33040981,stop_loss,95.9025,-0.05,94.86668269300577,-0.060260696453632856,94.86,101.27,False,hammer_rebond,1.0,False,1747612800000,1747630200000,"[{'amount': 2.76, 'safe_price': 100.95, 'ft_order_side': 'buy', 'order_filled_timestamp': 1747612800000, 'ft_is_entry': True, 'ft_order_tag': 'hammer_rebond', 'cost': 278.900622}, {'amount': 2.76, 'safe_price': 94.86668269300577, 'ft_order_side': 'sell', 'order_filled_timestamp': 1747630200000, 'ft_is_entry': False, 'ft_order_tag': 'stop_loss', 'cost': 262.0938762769286}]",0.0
LTC/USDT,411.15446,411.15446,4.727,2025-06-17 02:00:00+00:00,2025-06-17 15:00:00+00:00,86.98,84.69956375573754,0.001,0.001,780,-0.02816355646039167,-11.59115142,stop_loss,82.631,-0.05,84.69956375573754,-0.026217937965767546,84.52,87.39,False,hammer_rebond,1.0,False,1750125600000,1750172400000,"[{'amount': 4.727, 'safe_price': 86.98, 'ft_order_side': 'buy', 'order_filled_timestamp': 1750125600000, 'ft_is_entry': True, 'ft_order_tag': 'hammer_rebond', 'cost': 411.56561446}, {'amount': 4.727, 'safe_price': 84.69956375573754, 'ft_order_side': 'sell', 'order_filled_timestamp': 1750172400000, 'ft_is_entry': False, 'ft_order_tag': 'stop_loss', 'cost': 400.7752127112447}]",0.0
XRP/USDT,411.05664,411.05664,182.4,2025-06-17 02:00:00+00:00,2025-06-17 15:00:00+00:00,2.2536,2.1836,0.001,0.001,780,-0.032997354083616065,-13.57734528,stop_loss,2.141,-0.05,2.1836,-0.031064832339559922,2.183,2.2539,False,hammer_rebond,1.0,False,1750125600000,1750172400000,"[{'amount': 182.4, 'safe_price': 2.2536, 'ft_order_side': 'buy', 'order_filled_timestamp': 1750125600000, 'ft_is_entry': True, 'ft_order_tag': 'hammer_rebond', 'cost': 411.46769664}, {'amount': 182.4, 'safe_price': 2.1836, 'ft_order_side': 'sell', 'order_filled_timestamp': 1750172400000, 'ft_is_entry': False, 'ft_order_tag': 'stop_loss', 'cost': 398.68692864}]",0.0
ETH/USDT,398.633953,398.633953,0.1753,2025-06-23 15:00:00+00:00,2025-06-23 16:20:00+00:00,2274.01,2212.9444009963327,0.001,0.001,80,-0.028798055561696536,-11.49136261,stop_loss,2160.3095000000003,-0.05,2212.9444009963327,-0.02685370732919712,2211.54,2288.27,False,hammer_rebond,1.0,False,1750690800000,1750695600000,"[{'amount': 0.1753, 'safe_price': 2274.01, 'ft_order_side': 'buy', 'order_filled_timestamp': 1750690800000, 'ft_is_entry': True, 'ft_order_tag': 'hammer_rebond', 'cost': 399.032586953}, {'amount': 0.1753, 'safe_price': 2212.9444009963327, 'ft_order_side': 'sell', 'order_filled_timestamp': 1750695600000, 'ft_is_entry': False, 'ft_order_tag': 'stop_loss', 'cost': 388.31708264815177}]",0.0
XRP/USDT,352.7982,352.7982,118.5,2025-07-14 12:00:00+00:00,2025-07-15 03:00:00+00:00,2.9772,2.8446,0.001,0.001,900,-0.04644750654424173,-16.4029833,stop_loss,2.8284,-0.05,2.8446,-0.04454323364094803,2.841,3.035,False,hammer_rebond,1.0,False,1752494400000,1752548400000,"[{'amount': 118.5, 'safe_price': 2.9772, 'ft_order_side': 'buy', 'order_filled_timestamp': 1752494400000, 'ft_is_entry': True, 'ft_order_tag': 'hammer_rebond', 'cost': 353.15099819999995}, {'amount': 118.5, 'safe_price': 2.8446, 'ft_order_side': 'sell', 'order_filled_timestamp': 1752548400000, 'ft_is_entry': False, 'ft_order_tag': 'stop_loss', 'cost': 337.4221850999999}]",0.0
XRP/USDT,382.0284,382.0284,117.0,2025-07-17 17:00:00+00:00,2025-07-17 21:20:00+00:00,3.2652,3.4742,0.001,0.001,260,0.0618824395009621,23.6644902,take_profit_1.5R,3.102,-0.05,3.1337,-0.04029842764423941,3.255,3.4875,False,hammer_rebond,1.0,False,1752771600000,1752787200000,"[{'amount': 117.0, 'safe_price': 3.2652, 'ft_order_side': 'buy', 'order_filled_timestamp': 1752771600000, 'ft_is_entry': True, 'ft_order_tag': 'hammer_rebond', 'cost': 382.4104284}, {'amount': 117.0, 'safe_price': 3.4742, 'ft_order_side': 'sell', 'order_filled_timestamp': 1752787200000, 'ft_is_entry': False, 'ft_order_tag': 'take_profit_1.5R', 'cost': 406.88788139999997}]",0.0
BNB/USDT,396.40448,396.40448,0.472,2025-07-27 23:00:00+00:00,2025-07-29 15:20:00+00:00,839.84,807.3416028156046,0.001,0.001,2420,-0.0406166261728994,-16.11671319,stop_loss,797.848,-0.05,807.3416028156046,-0.038695938731657775,805.98,861.1,False,hammer_rebond,1.0,False,1753657200000,1753802400000,"[{'amount': 0.472, 'safe_price': 839.84, 'ft_order_side': 'buy', 'order_filled_timestamp': 1753657200000, 'ft_is_entry': True, 'ft_order_tag': 'hammer_rebond', 'cost': 396.8008844799999}, {'amount': 0.472, 'safe_price': 807.3416028156046, 'ft_order_side': 'sell', 'order_filled_timestamp': 1753802400000, 'ft_is_entry': False, 'ft_order_tag': 'stop_loss', 'cost': 381.44630176549424}]",0.0
BNB/USDT,333.51127,333.51127,0.391,2025-08-14 15:00:00+00:00,2025-08-15 16:15:00+00:00,852.97,813.2607858724177,0.001,0.001,1515,-0.04845904404572992,-16.17779896,stop_loss,810.3215,-0.05,813.2607858724177,-0.046554057150406614,812.7,855.47,False,hammer_rebond,1.0,False,1755183600000,1755274500000,"[{'amount': 0.391, 'safe_price': 852.97, 'ft_order_side': 'buy', 'order_filled_timestamp': 1755183600000, 'ft_is_entry': True, 'ft_order_tag': 'hammer_rebond', 'cost': 333.84478127}, {'amount': 0.391, 'safe_price': 813.2607858724177, 'ft_order_side': 'sell', 'order_filled_timestamp': 1755274500000, 'ft_is_entry': False, 'ft_order_tag': 'stop_loss', 'cost': 318.3029522433914}]",0.0
LTC/USDT,130.43448,130.43448,1.149,2025-07-19 23:00:00+00:00,2025-09-10 08:00:00+00:00,113.52,113.15,0.001,0.001,75420,-0.005250827396704775,-0.68557383,force_exit,107.844,-0.05,99.72180104799975,-0.12154861656096061,103.16,134.19,False,hammer_rebond,1.0,False,1752966000000,1757491200000,"[{'amount': 1.149, 'safe_price': 113.52, 'ft_order_side': 'buy', 'order_filled_timestamp': 1752966000000, 'ft_is_entry': True, 'ft_order_tag': 'hammer_rebond', 'cost': 130.56491448}, {'amount': 1.149, 'safe_price': 113.15, 'ft_order_side': 'sell', 'order_filled_timestamp': 1757491200000, 'ft_is_entry': False, 'ft_order_tag': 'force_exit', 'cost': 130.13935935}]",0.0
